country_name,country_text_id,year,e_regiongeo,v2x_cspart,v2xcs_ccsi,v2x_partipdem,v2csprtcpt,v2x_polyarchy,v2x_libdem,v2x_api,v2xdd_dd,v2x_freexp_altinf,v2xel_frefair,v2x_egaldem,v2x_regime,v2smgovfilprc,v2smgovsmcenprc,v2smonper,GDP per capita (constant 2015 US$),Individuals using the Internet (% of population),"Population, total","School enrollment, secondary (% gross)",Urban population (% of total population),vap_turnout,election_year,turnout_z,cspart_z,year_label,regime_label
Bangladesh,BGD,2024,14,0.58,0.582,0.09,1.335,0.201,0.068,0.394,0.0,0.308,0.061,0.114,1.0,-0.979,-3.439,-1.26,1941.27874360025,,173562364.0,64.2997191043961,32.6783196323307,41.8,2024,-2.1516758893871906,-0.41987031782219675,2024,Electoral Autocracy
Bhutan,BTN,2024,14,0.657,0.745,0.344,0.817,0.561,0.454,0.784,0.02,0.709,0.857,0.469,2.0,-0.904,-0.911,0.307,,,791524.0,86.1810001963554,42.5645249803412,65.6,2024,-0.49546999781490314,0.048357477983660475,2024,Electoral Democracy
Cambodia,KHM,2023,13,0.315,0.247,0.077,0.691,0.19,0.054,0.375,0.0,0.165,0.106,0.08,1.0,-2.161,-0.68,-1.713,2085.05748462122,60.7171,17423880.0,56.7864734981041,40.6290788072508,84.59,2023,0.826015291300969,-2.0313036410501453,2023,Electoral Autocracy
India,IND,2024,14,0.593,0.35,0.248,0.698,0.398,0.291,0.651,0.0,0.493,0.523,0.215,1.0,-0.993,-0.758,-0.463,2396.94999213544,,1450935791.0,78.1058073224606,35.3788972368389,65.79,2024,-0.4822481860754597,-0.340818871777052,2024,Electoral Autocracy
Indonesia,IDN,2024,13,0.795,0.812,0.318,1.709,0.483,0.326,0.726,0.0,0.721,0.517,0.299,1.0,0.696,0.114,0.488,4367.86266621191,72.7808,283487931.0,98.836444459078,58.7509635387997,81.42,2024,0.6054198007007944,0.8875189821551961,2024,Electoral Autocracy
Japan,JPN,2024,12,0.683,0.955,0.526,0.42,0.82,0.734,0.923,0.02,0.849,0.934,0.751,3.0,1.721,1.663,1.279,37152.5636003552,,123975371.0,,92.1901718034531,53.84,2024,-1.3138305560035624,0.20646037007394993,2024,Liberal Democracy
Laos,LAO,2021,13,0.303,0.155,0.121,-1.111,0.134,0.094,0.268,0.0,0.04,0.214,0.119,0.0,-0.953,-0.819,-3.756,2556.58912640405,62.0,7453194.0,59.8530595325837,37.338778268357,98.02,2021,1.760588615831045,-2.104274206630279,2021,Closed Autocracy
Malaysia,MYS,2022,13,0.775,0.708,0.276,1.265,0.46,0.317,0.708,0.0,0.619,0.474,0.342,1.0,0.686,0.157,0.799,11191.6511756943,97.3986,34695493.0,78.8341986282999,75.9741357073003,73.89,2022,0.08141852492183106,0.7659013728549735,2022,Electoral Autocracy
Maldives,MDV,2024,14,0.628,0.626,0.318,0.744,0.564,0.423,0.783,0.057,0.733,0.626,0.365,2.0,0.216,-0.223,0.236,11798.791369146,,527799.0,,41.9982152717385,73.91,2024,0.08281029457861422,-0.12798805550166237,2024,Electoral Democracy
Mongolia,MNG,2024,12,0.575,0.689,0.249,0.259,0.496,0.389,0.733,0.029,0.693,0.607,0.353,1.0,0.775,0.152,0.272,4626.79609644243,,3524788.0,,70.9566040039062,69.83,2024,-0.2011107154052064,-0.4502747201472524,2024,Electoral Autocracy
Myanmar,MMR,2020,13,0.671,0.625,0.268,1.253,0.427,0.261,0.683,0.049,0.685,0.552,0.244,1.0,-0.162,-0.694,-0.117,1301.3138635245,45.4477,53016522.0,,30.1593049968842,71.89,2020,-0.05775844075651243,0.13348980449381634,2020,Electoral Autocracy
Nepal,NPL,2022,14,0.872,0.849,0.422,2.603,0.63,0.497,0.825,0.02,0.837,0.629,0.408,2.0,-0.447,-1.127,0.087,1113.55462341223,53.8878,29715436.0,84.1026475876285,66.2992968721053,61.35,2022,-0.7912210498813825,1.3557467779610526,2022,Electoral Democracy
Pakistan,PAK,2024,14,0.652,0.649,0.204,1.076,0.313,0.199,0.576,0.02,0.568,0.164,0.114,1.0,-1.133,-0.51,0.623,1634.56735260799,,251269164.0,48.2805022055997,39.1734368360905,47.28,2024,-1.7703310034285291,0.017953075658604812,2024,Electoral Autocracy
Philippines,PHL,2022,13,0.709,0.744,0.287,1.378,0.43,0.288,0.686,0.07,0.657,0.409,0.189,1.0,0.525,0.368,0.373,3577.70136573244,75.2111,113964338.0,92.291271176651,54.7902343568327,83.83,2022,0.773128044343198,0.3645632621642387,2022,Electoral Autocracy
Singapore,SGP,2020,13,0.329,0.403,0.102,-0.252,0.4,0.325,0.665,0.011,0.334,0.761,0.352,1.0,-0.384,-0.617,-1.301,59189.70385743,92.0043,5685807.0,103.115839213946,100.0,95.81,2020,1.6067980687564758,-1.9461713145399893,2020,Electoral Autocracy
South Korea,KOR,2024,12,0.814,0.77,0.485,1.41,0.729,0.631,0.878,0.031,0.787,0.932,0.621,2.0,0.608,0.631,2.114,37048.4264001496,97.8956,51751065.0,,81.1682528469686,66.97,2024,-0.40013377632523756,1.003055710990407,2024,Electoral Democracy
Sri Lanka,LKA,2024,14,0.767,0.665,0.431,2.636,0.664,0.486,0.842,0.031,0.857,0.791,0.472,2.0,-0.111,0.77,1.287,4186.4986638365,,21916000.0,,20.2996997058686,68.93,2024,-0.26374034996046036,0.7172543291348844,2024,Electoral Democracy
Taiwan,TWN,2024,12,0.933,0.907,0.621,2.95,0.8,0.7,0.913,0.37,0.848,0.936,0.695,3.0,0.438,0.646,1.97,,,,,,71.78,2024,-0.06541317386882128,1.7266804863267318,2024,Liberal Democracy
Thailand,THA,2023,13,0.597,0.579,0.142,0.784,0.289,0.24,0.534,0.201,0.516,0.34,0.193,1.0,-0.868,-1.056,0.446,6408.41432577294,89.5353,71702435.0,93.3356315272258,60.9341926574707,75.71,2023,0.20806956368912316,-0.3164953499170075,2023,Electoral Autocracy
Timor-Leste,TLS,2023,13,0.7,0.897,0.442,1.394,0.712,0.525,0.869,0.018,0.807,0.843,0.442,2.0,1.687,1.427,0.708,1279.21122757564,34.0207,1384286.0,,28.595471832952,79.28,2023,0.4565004474249668,0.3098353379791385,2023,Electoral Democracy
Vietnam,VNM,2021,13,0.682,0.261,0.169,0.947,0.17,0.11,0.338,0.02,0.15,0.526,0.182,0.0,-1.995,-1.488,-1.836,3358.21734764714,74.21,98935098.0,92.7690209240401,36.6540656426603,95.6,2021,1.5921844873602493,0.20037948960893878,2021,Closed Autocracy
