Country Name,Country Code,Series Name,Series Code,1975 [YR1975],1976 [YR1976],1977 [YR1977],1978 [YR1978],1979 [YR1979],1980 [YR1980],1981 [YR1981],1982 [YR1982],1983 [YR1983],1984 [YR1984],1985 [YR1985],1986 [YR1986],1987 [YR1987],1988 [YR1988],1989 [YR1989],1990 [YR1990],1991 [YR1991],1992 [YR1992],1993 [YR1993],1994 [YR1994],1995 [YR1995],1996 [YR1996],1997 [YR1997],1998 [YR1998],1999 [YR1999],2000 [YR2000],2001 [YR2001],2002 [YR2002],2003 [YR2003],2004 [YR2004],2005 [YR2005],2006 [YR2006],2007 [YR2007],2008 [YR2008],2009 [YR2009],2010 [YR2010],2011 [YR2011],2012 [YR2012],2013 [YR2013],2014 [YR2014],2015 [YR2015],2016 [YR2016],2017 [YR2017],2018 [YR2018],2019 [YR2019],2020 [YR2020],2021 [YR2021],2022 [YR2022],2023 [YR2023],2024 [YR2024]
Japan,JPN,GDP per capita (constant 2015 US$),NY.GDP.PCAP.KD,16333.6748183565,16801.9250305932,17370.6165468128,18120.7284269863,18953.3339136853,19334.3747441799,20011.8292508515,20525.2958514217,21122.9648423607,21912.1518618966,22898.9942415029,23527.7125188746,24503.0845657844,26026.8648821365,27199.9399695936,28422.2131194472,29308.2740881269,29462.6539671073,29232.4397928009,29466.7552451648,30171.1637924153,31046.1701544217,31276.1930771989,30795.0888900919,30636.2661169604,31430.631130325,31476.0520665746,31416.1241772309,31830.217584972,32515.1158024695,33098.5474664881,33531.518563066,33990.0360341367,33557.6454041595,31651.0837739562,32942.2020783835,33011.1342301291,33518.4449368599,34239.8862473488,34386.9058552671,34960.6393843385,35242.199377148,35861.9728545672,36138.5290824814,36043.7844013518,34642.9718743239,35741.1601062924,36238.3294895302,36952.5150709861,37152.5636003552
Japan,JPN,Individuals using the Internet (% of population),IT.NET.USER.ZS,..,..,..,..,..,..,..,..,..,..,..,..,..,..,..,0.0203,0.0404,0.0967,0.401,0.8,1.59,4.37,9.16,13.4,21.4,29.9907,38.5321,46.5942,48.4353,62.3939,66.9211,68.6853,74.3,75.4,78,78.21,79.0541,79.4964,88.2194,89.1068,91.058,93.1827,91.7265,88.7464,92.7304,90.2195,82.9141,84.9234,86.9815,..
Japan,JPN,Urban population (% of total population),SP.URB.TOTL.IN.ZS,75.8511067264535,75.9718496490584,76.0333398797102,76.0764616511381,76.1171567691576,76.172396260342,76.2503223945228,76.3474944329034,76.4572744627542,76.5743728196347,76.6930644715793,76.81341381908,76.9402952490325,77.072111271414,77.2063887541774,77.3404178010312,77.4744816932723,77.6108029675096,77.7480283183434,77.8843368177677,78.0190838015653,78.1374047267253,78.2318902291629,78.3266396189341,78.448341899402,78.6126803295375,79.1577482060887,80.5469860733981,82.4206778416671,84.3710541898905,85.9573620483714,87.1460898958075,88.2701404492656,89.2921563808851,90.1131158718189,90.6228586840649,90.8631654434251,91.0265277326652,91.1516595654317,91.2548945132333,91.3532644103625,91.4541254852142,91.5498419685883,91.6377318609728,91.7164207898107,91.7809926267889,91.8741049279527,91.9776532428406,92.0826903891473,92.1901718034531
Japan,JPN,"Population, total",SP.POP.TOTL,111573000,112775000,113872000,114913000,115890000,116807000,117661000,118480000,119307000,120083000,120837000,121482000,122069000,122578000,123069000,123478000,123964000,124425000,124829000,125178000,125472000,125757000,126057000,126400000,126631000,126843000,127149000,127445000,127718000,127761000,127773000,127854000,128001000,128063000,128047000,128070000,127833000,127629000,127445000,127276000,127141000,127076000,126972000,126811000,126633000,126261000,125681593,125124989,124516650,123975371
Japan,JPN,"Literacy rate, adult total (% of people ages 15 and above)",SE.ADT.LITR.ZS,..,..,..,..,..,..,..,..,..,..,..,..,..,..,..,..,..,..,..,..,..,..,..,..,..,..,..,..,..,..,..,..,..,..,..,..,..,..,..,..,..,..,..,..,..,..,..,..,..,..
Japan,JPN,"School enrollment, secondary (% gross)",SE.SEC.ENRR,..,..,..,..,..,..,..,..,..,..,..,..,..,..,..,..,..,..,..,..,..,..,..,..,..,..,..,..,..,..,..,..,..,..,..,..,..,..,101.781173706055,101.813980102539,102.200416564941,101.167999267578,101.882888793945,102.425148010254,102.670066833496,102.844802856445,102.155380249023,102.337966918945,102.344436645508,..
Myanmar,MMR,GDP per capita (constant 2015 US$),NY.GDP.PCAP.KD,145.457960081305,151.381528103762,157.337620357431,164.358420133522,169.599433101241,179.588600930675,187.43997350101,194.360862268612,198.97314350451,204.50394396227,206.179024171186,200.215576808079,188.871667529886,164.700416641961,168.113854207283,170.233436728781,166.71043994981,180.333227419724,188.680525347254,200.124788544139,211.265635947401,222.01335977894,231.587954119212,242.132148134742,265.455335148419,298.590464510138,328.973872713504,364.855800197477,411.498764127557,463.33013572168,522.099544791815,586.085579935448,651.729730899198,714.620419027129,785.634853168658,854.932478027749,895.512538762631,953.123081936485,1024.69060474658,1099.24387751605,1166.73305547935,1225.37913972668,1290.56409027458,1361.56831265985,1440.98988238708,1301.3138635245,1136.99566055698,1174.76697947364,1177.76649647177,1158.47928099316
Myanmar,MMR,Individuals using the Internet (% of population),IT.NET.USER.ZS,..,..,..,..,..,..,..,..,..,..,..,..,..,..,..,0,..,..,..,..,..,..,..,..,0.000152,..,0.000289277,0.000426494,0.0240641,0.0243374,0.0652389,0.182048,0.217128,0.22,0.22,0.25,0.98,1.4,1.8,7.4,10.9,16,23.6211,29.379,36.5405,45.4477,56.5261,58.0112,58.5357,..
Myanmar,MMR,Urban population (% of total population),SP.URB.TOTL.IN.ZS,24.1623199252207,24.2535706271636,24.3348412539529,24.4101419767128,24.4834829665675,24.5588743946411,24.6403264320579,24.7318492499419,24.8370497795693,24.953374109342,25.0778443553106,25.2100081538473,25.349269938734,25.4950341437524,25.6467052026843,25.8036875493115,25.9653856174157,26.1312038407788,26.3005466531825,26.4728184884086,26.6474237802388,26.823766962455,27.001252468839,27.1792847331724,27.3572681892371,27.5346072708149,27.7107064116875,27.8849700456368,28.0568026064444,28.2256085278922,28.390792243762,28.5517581878355,28.7079107938945,28.8586544957208,29.0033937270962,29.1415329218024,29.2724765136213,29.3956289363345,29.5103946237239,29.6164342116462,29.7166821191682,29.8129165582094,29.9051727703437,29.993574050729,30.0782436945232,30.1593049968842,30.2368812529698,30.311095757938,30.3820718069466,30.4499084074136
Myanmar,MMR,"Population, total",SP.POP.TOTL,30176565,30758811,31355966,31972976,32596550,33227204,33858783,34482965,35162715,35899313,36622827,37314878,37971594,38600927,39214618,39817251,40394154,40950342,41502429,42055143,42605338,43154860,43708798,44257793,44787724,45290841,45771139,46232653,46667192,47068772,47438365,47785135,48125043,48390793,48660459,49024382,49419820,49837446,50262658,50681634,51089056,51495696,51894938,52272247,52640713,53016522,53387102,53756787,54133798,54500091
Myanmar,MMR,"Literacy rate, adult total (% of people ages 15 and above)",SE.ADT.LITR.ZS,..,..,..,..,..,..,..,..,78.5699996948242,..,..,..,..,..,..,..,..,..,..,..,..,..,..,..,..,89.9400024414062,..,..,..,..,..,..,..,..,..,..,..,..,..,90.3600006103516,..,84.7799987792969,..,95.823239379743,89.0699996948242,93.5471293315427,..,..,..,..
Myanmar,MMR,"School enrollment, secondary (% gross)",SE.SEC.ENRR,..,21.7507495880127,20.4539394378662,20.0099697113037,21.2374591827393,21.4256401062012,22.5248794555664,24.1784496307373,25.0145397186279,24.8762493133545,24.6564102172852,24.9022808074951,25.7983493804932,25.7227306365967,26.9588298797607,21.2080993652344,23.5711708068848,25.6039505004883,25.8163299560547,27.0055809020996,30.4615497589111,..,..,..,35.3725395202637,39.3193206787109,40.303840637207,41.8484497070312,42.1795806884766,45.0282783508301,45.6932487487793,47.5437698364258,47.3708114624023,49.9790115356445,49.9621315002441,50.8663902282715,..,..,..,57.1178512573242,..,67.7588500976562,72.3457412719727,77.0191497802734,..,..,..,..,..,..
Bangladesh,BGD,GDP per capita (constant 2015 US$),NY.GDP.PCAP.KD,373.260373696999,384.509552028714,385.08552032014,402.385595931712,411.669266520237,405.226770259517,423.537122867473,420.872004532951,425.646571168568,434.782351604307,438.382478828439,446.08025306417,452.659756923731,453.839236883479,457.254334777705,473.444821021085,480.673358976087,497.371173735323,511.193509421294,521.323144726555,537.931946643983,552.077107138767,566.271140847632,584.448175174047,600.232323162952,620.560472822105,641.288922876274,655.672139362272,676.826252046427,702.656357081873,739.203718353409,779.419570444998,825.508229964537,866.45815762135,901.729626251937,943.66422864236,995.579947155662,1050.39140404066,1103.15695907123,1159.40753475981,1224.38647668165,1299.83091360792,1373.75363740186,1462.25050255713,1564.20802445636,1604.6659234742,1702.08028414189,1804.3493461776,1885.37733613545,1941.27874360025
Bangladesh,BGD,Individuals using the Internet (% of population),IT.NET.USER.ZS,..,..,..,..,..,..,..,..,..,..,..,..,..,..,..,0,..,..,..,..,..,..,0.000751,0.00368,0.0362,0.0710394,0.129808,0.13992,0.163878,0.199036,0.241637,1,1.8,2.5,3.1,3.7,4.5,5,6.63,11.9,12.9,18.1,21.5,25.6,30.4,36.1091,38.9174,41.6165,44.5027,..
Bangladesh,BGD,Urban population (% of total population),SP.URB.TOTL.IN.ZS,9.63451603110182,10.5513364356921,11.6027057458323,12.6997238964727,13.7534908225636,14.6751064590553,15.3936634620895,16.0067506349457,16.5856824227561,17.1288583407786,17.6403224651566,18.1241188720337,18.5842916375536,19.0248848378598,19.4499425490959,19.8635088474054,20.2666857869933,20.6483331421589,21.002845267132,21.3383159101032,21.661231550566,21.9780786680138,22.2953437419401,22.6195132518384,22.957073677202,23.3145114975244,23.6999214768623,24.1132383547332,24.5525557512625,25.0094809886101,25.4769540701509,25.9479149992596,26.415303779311,26.87206041368,27.3111249057412,27.7254372588696,28.1100162712427,28.4787972894576,28.8407036106763,29.1944442321013,29.5395099477892,29.8753915517965,30.2015798381799,30.5175656009959,30.8228396343012,31.1168927321524,31.3992156886061,31.673734726234,32.1578465036834,32.6783196323307
Bangladesh,BGD,"Population, total",SP.POP.TOTL,77854351,79855318,81867264,83889655,85935072,88016432,90303105,92814507,95335155,97814966,100253825,102635572,104959291,107216008,109433799,111633717,113787109,115952192,118132360,120343179,122600370,124862179,127198069,129622332,132108065,134544304,136805810,138933658,140970351,142902856,144715786,146405973,147989278,149474264,150873714,152201981,153591076,155070101,156532141,157964929,159383179,160811932,162186147,163523103,164913055,166298024,167658854,169384897,171466990,173562364
Bangladesh,BGD,"Literacy rate, adult total (% of people ages 15 and above)",SE.ADT.LITR.ZS,..,..,..,..,..,..,29.2299995422363,..,..,..,..,..,..,..,..,..,35.3199996948242,..,..,..,..,..,..,..,..,..,47.4900016784668,..,..,..,..,..,..,..,..,..,58.7700004577637,57.8600006103516,61.0200004577637,61.0900001525879,65.1399993896484,72.7600021362305,72.8899993896484,73.9100036621094,74.6800003051758,74.9100036621094,76.3600006103516,79,..,..
Bangladesh,BGD,"School enrollment, secondary (% gross)",SE.SEC.ENRR,..,16.5570602416992,16.6743297576904,..,16.9423198699951,18.8754196166992,16.7868995666504,..,20.1548004150391,20.423620223999,19.8446998596191,19.3086490631104,19.5772895812988,19.4372291564941,19.3137493133545,19.8893508911133,..,..,..,..,..,..,..,41.9298782348633,45.0674591064453,46.7210006713867,48.4609718322754,49.6199493408203,49.5259017944336,46.3084297180176,45.1695098876953,45.7007904052734,46.4658813476562,44.5729598999023,48.1255798339844,49.5031106793162,49.7515496494472,51.6718482971191,55.6214332189314,..,59.4217414855957,64.1664546117285,62.3408639225315,65.2714888764112,65.1185413488915,66.4329548486639,66.8282318620991,67.0384586440383,65.9856598598849,64.2997191043961
Pakistan,PAK,GDP per capita (constant 2015 US$),NY.GDP.PCAP.KD,640.124357568775,652.838055213587,657.659383934214,688.190284180422,689.743593740588,729.775997454804,755.351886399493,775.040043703995,799.413201289567,813.98181157513,848.459508815423,865.38378020321,890.342222772156,926.557789336634,941.244309440788,950.884644833285,966.522495703734,1011.6250844611,1001.25854820003,1009.06429520182,1028.96592446155,1047.88663514614,1028.99804758369,1026.50033720969,1035.49888206288,1049.54229686852,1057.86767778646,1059.04171024589,1090.27523993746,1146.99632842666,1201.23359367214,1243.94142602543,1265.35567539842,1258.05188934452,1269.07432116444,1256.69482201323,1261.83161907857,1275.48806898966,1309.70080446386,1343.30778121043,1380.47020838317,1452.18658269177,1495.26187528032,1561.68169819559,1573.8330826937,1526.00597486307,1595.02792175422,1642.28066974826,1610.33122837537,1634.56735260799
Pakistan,PAK,Individuals using the Internet (% of population),IT.NET.USER.ZS,..,..,..,..,..,..,..,..,..,..,..,..,..,..,..,0,..,..,..,..,0.000123,0.00299,0.0275,0.0439,0.0554,..,1.31855,2.57743,5.04116,6.16432,6.33233,6.5,6.8,7,7.5,8,8,8.1,9,10,11,12.3854,13.78,15.34,17.0709,18.9348,21.4107,24.2103,27.3759,..
Pakistan,PAK,Urban population (% of total population),SP.URB.TOTL.IN.ZS,26.3266097503112,26.6890303879083,27.0553105084198,27.4170952736025,27.7660298452131,28.0937593850085,28.3941608544266,28.6799902302499,28.9594375727595,29.2322435401049,29.498826604215,29.7596052370187,30.014997910445,30.2654230964229,30.5112992668812,30.753044893749,30.9910784489553,31.2258184044289,31.4576832320988,31.6870914038941,31.9144613917436,32.1402116675762,32.3647607033211,32.5871723893723,32.8015812487933,33.0046884491535,33.1988471664032,33.3857078542752,33.5669209665019,33.7441369568158,33.9190062789495,34.0931793866356,34.2683067336065,34.4460387735948,34.6280259603331,34.8159187475539,35.0113675889897,35.2160229383731,35.4315352494366,35.6595549759128,35.9017325715342,36.1597184900333,36.4351548223399,36.7478511550359,37.1091631735769,37.5080192948099,37.9333395514173,38.3740439760816,38.8191861872791,39.1734368360905
Pakistan,PAK,"Population, total",SP.POP.TOTL,69461175,71620254,73901827,76307379,78997039,82291010,85802049,89089246,92227711,95164936,98229285,101606764,105130717,108724739,112336629,116155576,120060406,123546848,127020117,130748083,134582253,138557092,142531804,146522356,150565377,154879127,159270907,163222549,167110248,171286000,175453212,179682690,184493231,189499113,194376534,199239047,203746065,207667125,211073978,214264647,217290883,220138869,223273967,226928892,230800899,235001746,239477801,243700667,247504495,251269164
Pakistan,PAK,"Literacy rate, adult total (% of people ages 15 and above)",SE.ADT.LITR.ZS,..,..,..,..,..,..,25.7299995422363,..,..,..,..,..,..,..,..,..,..,..,..,..,..,..,..,42.7000007629395,..,..,..,..,..,..,49.8699989318848,54.1500015258789,52.1399993896484,55.5299987792969,54.8899993896484,55.3800010681152,54.7400016784668,56.7599983215332,55.5900001525879,56.9799995422363,..,..,59.1300010681152,57.0099983215332,58,..,58.8600006103516,..,..,..
Pakistan,PAK,"School enrollment, secondary (% gross)",SE.SEC.ENRR,16.4388103485107,16.3652591705322,16.4452304840088,16.4724197387695,15.2169599533081,15.6852598190308,15.715350151062,15.8989295959473,16.6970100402832,17.4552898406982,18.2515296936035,18.4025402069092,18.7234706878662,18.9704704284668,19.6272106170654,20.205810546875,23.091329574585,25.6504096984863,..,..,..,..,..,..,..,..,..,..,19.8385200500488,21.7634296417236,22.6038208007812,27.2463207244873,29.0634307861328,29.1768093109131,29.0589694976807,29.2962900661933,29.7271460529531,30.6300201416016,31.544819132504,32.6573427323505,34.6741466548496,35.8643246680809,35.3224248744451,37.1466063259079,38.7511552822907,..,40.2578898404389,40.4177656413012,42.2911451386891,48.2805022055997
Viet Nam,VNM,GDP per capita (constant 2015 US$),NY.GDP.PCAP.KD,..,..,..,..,..,..,..,..,..,595.491333343053,603.977495797078,607.58999788783,616.715148033271,635.398203948006,668.323172497837,687.860316254161,713.747210806804,759.910853953724,805.606443630458,861.122422555836,927.625512005765,998.924907248853,1064.77802859908,1110.1126773248,1148.04465210832,1212.19657794381,1273.8052690094,1340.51670460271,1418.74337471509,1510.94449049599,1609.96268313651,1699.67620343393,1788.9485028957,1856.00519883979,1927.13427057454,2027.58184375924,2132.90453762087,2224.11404253256,2320.08431444934,2439.28655744423,2577.56885340113,2715.57887431272,2868.13680013379,3048.28327602145,3241.07648966529,3303.16949807493,3358.21734764714,3617.66311465012,3775.46375555802,4017.74604111554
Viet Nam,VNM,Individuals using the Internet (% of population),IT.NET.USER.ZS,..,..,..,..,..,..,..,..,..,..,..,..,..,..,..,0,..,..,..,..,..,0.000135,0.00398,0.0131,0.129,0.254248,1.26565,1.855,3.78028,7.64241,12.7399,17.2546,20.7554,23.92,26.55,30.65,35.07,36.8,38.5,41,45,53,58.14,69.8479,68.6616,70.3,74.21,78.59,78.08,84.15
Viet Nam,VNM,Urban population (% of total population),SP.URB.TOTL.IN.ZS,20.5500001907349,20.4269235007156,19.6402443802216,19.2447282689118,19.1884708733747,19.1594762135261,19.1354009405791,19.1141027989929,19.0956204231262,19.0799924473374,19.0672575059852,19.0574542334283,19.0506212640251,19.0467972321344,19.0530524987416,19.1735039651626,19.4396801924029,19.8252510026665,20.3057679487956,20.8567825836322,21.4538464600183,22.072511130796,22.6883281488073,23.2768490668943,23.8212278892522,24.3672526919772,24.9489362725143,25.5540925665659,26.1745407830283,26.8021001307977,27.4285898187702,28.0458290558422,28.6456370509099,29.2198330128693,29.7581347355675,30.2504027258526,30.6996041680996,31.1222779403029,31.5334201724543,31.9480269945454,32.3810945365679,32.8476189285136,33.3625963003742,33.9410227821412,34.6239134999511,35.5706676299742,36.6540656426603,37.5478515625,38.1298904418945,38.4900703430176
Viet Nam,VNM,"Population, total",SP.POP.TOTL,46482903,47684931,48954872,50249552,51378211,52490101,53738141,55011289,56337921,57706067,59060622,60347048,61584651,62843228,64147348,65504552,66891775,68260337,69586384,70854391,72049940,73156447,74226889,75299660,76287452,77154011,77969361,78772224,79563777,80338971,81088313,82167897,83633375,85175788,86460018,87455152,88468314,89510356,90573104,91679578,92823254,94000117,95176977,96237319,97173776,98079191,98935098,99680655,100352192,100987686
Viet Nam,VNM,"Literacy rate, adult total (% of people ages 15 and above)",SE.ADT.LITR.ZS,..,..,..,..,83.8300018310547,..,..,..,..,..,..,..,..,..,87.5999984741211,..,..,..,..,..,..,..,..,..,90.2799987792969,90.1600036621094,..,..,..,..,..,..,..,..,93.5199966430664,..,..,..,..,..,..,..,..,..,95.75,..,..,96.129997253418,..,..
Viet Nam,VNM,"School enrollment, secondary (% gross)",SE.SEC.ENRR,..,36.8905715942383,39.1832885742188,..,..,46.5264091491699,..,..,..,..,..,..,..,..,..,35.1179084777832,..,..,..,..,..,..,..,56.8839797973633,..,..,..,..,..,..,..,..,..,..,..,..,..,..,..,..,89.4548341262217,90.1583347107672,91.0725198149335,92.8377710790826,94.654621676317,93.1921389514105,92.7690209240401,93.4123434096522,..,..
India,IND,GDP per capita (constant 2015 US$),NY.GDP.PCAP.KD,380.159941374693,377.496025412265,395.443306821969,408.516944405283,378.219592785732,394.182239918298,408.153549798956,412.596737107488,432.429235395483,438.541705524351,450.966703866791,461.725611478711,469.209956302852,502.937342176693,521.073383845828,537.870269533789,531.898397841583,549.235069966802,563.372872328964,588.727892188017,620.699954330379,654.355928429641,667.598423095039,695.293709344799,742.53920839445,756.704109527449,778.507377528365,793.615912906381,841.278894571674,892.596614581612,947.732565646672,1008.23275343783,1069.24696813025,1086.50605251513,1155.10163274172,1235.15939133951,1281.61054354933,1333.09626557668,1399.4537980287,1484.31640682913,1583.99815907985,1694.46534973825,1788.69770318446,1883.35772705062,1936.03067741067,1806.50110583878,1965.30943437506,2098.2112447615,2270.9051808027,2396.94999213544
India,IND,Individuals using the Internet (% of population),IT.NET.USER.ZS,..,..,..,..,..,..,..,..,..,..,..,..,..,..,..,0,..,0.000111,0.000218,0.00107,0.0262,0.0463,0.0708,0.139,0.273,0.527532,0.660146,1.53788,1.68649,1.97614,2.38807,2.8055,3.95,4.38,5.12,7.5,10.07,11.1,12.3,13.5,14.9,16.5,18.2,20.0813,29.5235,43.4054,..,55.9,..,..
India,IND,Urban population (% of total population),SP.URB.TOTL.IN.ZS,21.4761700378174,21.9195869568118,22.3596195559694,22.7811754300159,23.169162173677,23.5084873816783,23.7875348455702,24.0306681216752,24.2539519859126,24.4606633455594,24.654828858249,24.8404751816147,25.0216289732896,25.2023168909072,25.3865655921008,25.5784017345035,25.7797610905819,25.9808576702657,26.1767814681192,26.3710188638872,26.5661772139368,26.7648638746349,26.9696862023486,27.1832515534447,27.4081672842903,27.6470407512523,27.9028652096636,28.1756878910456,28.4660287698,28.7726067228528,29.0945497159107,29.4309857146804,29.7810426848684,30.1438485921815,30.5185314023263,30.9042190810094,31.2746502853309,31.5898935604399,31.9096789235237,32.2288233408821,32.5472990022299,32.8650780972823,33.1821328157539,33.4984353473598,33.8139578818147,34.1286726088333,34.4425517181304,34.7555673994206,35.0676918424186,35.3788972368389
India,IND,"Population, total",SP.POP.TOTL,611309535,625861883,640801103,655728229,671155747,687354025,703696250,720313473,737372681,754875449,772647793,790689978,808931270,827342990,846039529,864972221,883927600,902957070,922118387,941163767,960301044,979678458,999133762,1018665080,1038225823,1057922733,1077898575,1097600380,1116803006,1135991513,1154676322,1172878890,1190676021,1207930964,1225524753,1243481564,1261224954,1278674502,1295829511,1312277191,1328024498,1343944296,1359657400,1374659064,1389030312,1402617695,1414203896,1425423212,1438069596,1450935791
India,IND,"Literacy rate, adult total (% of people ages 15 and above)",SE.ADT.LITR.ZS,..,..,..,..,..,..,40.7599983215332,..,..,..,..,..,..,..,..,..,48.2200012207031,..,..,..,..,..,..,..,..,..,61.0099983215332,..,..,..,..,62.75,..,..,..,68.3354718669705,69.3000030517578,69.8350587234791,..,..,..,..,..,73.6975430256976,74.9084268267486,75.5437727049002,76.0715766188242,76.3199996948242,81.6999969482422,..
India,IND,"School enrollment, secondary (% gross)",SE.SEC.ENRR,..,..,..,..,..,..,..,..,..,..,..,..,..,..,..,..,..,..,..,..,..,..,..,..,..,47.1734390258789,46.8245811462402,48.8069381713867,51.4255714416504,53.247371673584,55.9314002990723,56.7859497070312,59.1478385925293,62.2119216918945,61.3603210449219,64.9475936889648,67.1251678466797,69.8089599609375,69.4771270751953,74.8887023925781,74.6113662719727,75.9372863769531,74.6743774414062,76.0025787353516,75.8716506958008,77.9766433254166,80.8355715539317,81.6558464317379,79.3250397483992,78.1058073224606
"Korea, Rep.",KOR,GDP per capita (constant 2015 US$),NY.GDP.PCAP.KD,2955.1963902217,3294.13497099216,3644.59385270464,3986.99777854343,4270.07298916474,4139.9606854608,4377.64026742067,4675.53053701243,5227.53893142287,5712.63984757483,6105.74268983951,6740.69941617276,7535.12660432782,8367.04656522944,8878.29655251462,9672.57845182894,10618.8431439122,11176.560685871,11837.4692053797,12817.2447824958,13924.3044000347,14894.3278834104,15682.2717905189,14800.5091573641,16402.9168341094,17763.1353417297,18460.4288193829,19775.3800655139,20278.0406421178,21244.8136800528,22123.7613066851,23162.1860111297,24391.7651013448,24934.5396367691,25009.9148311999,26623.0487122927,27393.455357272,27944.0564190045,28732.711152033,29470.6732991655,30171.7906545222,31005.4072876388,31979.9027302467,32852.8887488942,33496.3113815643,33215.9298928108,34792.9397214598,35809.0138105144,36347.7036392553,37048.4264001496
"Korea, Rep.",KOR,Individuals using the Internet (% of population),IT.NET.USER.ZS,..,..,..,..,..,..,..,..,..,..,..,..,..,..,..,0.0233,0.0461,0.0984,0.25,0.311,0.82,1.62,3.6,6.78,23.6,44.7,56.6,59.4,65.5,72.7,73.5,78.1,78.8,81,81.6,83.7,83.7591,84.07,84.77,87.5568,89.8963,92.843,95.0694,96.0229,96.1576,96.5051,97.5713,97.1686,97.416,97.8956
"Korea, Rep.",KOR,Urban population (% of total population),SP.URB.TOTL.IN.ZS,47.9673969434303,49.5736556126164,51.3027034426193,53.0955799830981,54.8987778188484,56.6554425515705,58.3339941411302,59.950566865243,61.5442686216481,63.149438472478,64.7952808591987,66.5771098057876,68.5628466782553,70.5877839860655,72.4660369649545,73.9851161168568,75.1606018983188,76.1960694185519,77.1082857281795,77.8585649228147,78.400437187912,78.7508147919442,78.9918025094803,79.1812369650495,79.3623394908518,79.579960745642,79.8787704357425,80.2766294544335,80.707793508044,81.104386778171,81.3901352283669,81.566462110512,81.712125801927,81.8350833138518,81.9245045084002,81.9685075986486,81.9615408086376,81.9087898200378,81.8269383502703,81.7315682816954,81.639489860678,81.5559241797057,81.471030429984,81.3823523035196,81.2901063535619,81.1759595622913,81.1616526507785,81.1624941626873,81.1645551720421,81.1682528469686
"Korea, Rep.",KOR,"Population, total",SP.POP.TOTL,35280725,35848523,36411795,36969185,37534236,38123775,38723248,39326352,39910403,40405956,40805744,41213674,41621690,42031247,42449038,42869283,43295704,43747962,44194628,44641540,45092991,45524681,45953580,46286503,46616677,47008111,47370164,47644736,47892330,48082519,48184561,48438292,48683638,49054708,49307835,49554112,49936638,50199853,50428893,50746659,51014947,51217803,51361911,51585058,51764822,51836239,51769539,51672569,51712619,51751065
"Korea, Rep.",KOR,"Literacy rate, adult total (% of people ages 15 and above)",SE.ADT.LITR.ZS,..,..,..,..,..,..,..,..,..,..,..,..,..,..,..,..,..,..,..,..,..,..,..,..,..,..,..,..,..,..,..,..,..,97.9700012207031,..,..,..,..,..,..,..,..,..,..,..,..,..,..,..,..
"Korea, Rep.",KOR,"School enrollment, secondary (% gross)",SE.SEC.ENRR,..,..,..,..,..,..,..,..,..,..,..,..,..,..,..,..,..,..,..,..,..,..,..,..,..,98.0937805175781,97.6082382202148,97.2662963867188,96.9660186767578,96.9991989135742,97.2146224975586,96.7785415649414,96.7113800048828,96.3489303588867,96.8854293823242,97.2930603027344,97.5294189453125,97.3674163818359,97.8287506103516,98.5806732177734,98.5931930541992,98.7179565429688,99.105583190918,99.3186569213867,98.3813018798828,97.0888214111328,98.0692291259766,97.8181304931641,96.2983932495117,..
Philippines,PHL,GDP per capita (constant 2015 US$),NY.GDP.PCAP.KD,1587.49928255808,1683.65998853926,1730.59409726768,1772.22820167607,1822.1450227022,1867.56862352125,1881.81520256172,1898.13930580212,1878.60173410166,1696.57673822151,1537.66555840437,1551.40892775445,1576.97337027736,1638.03682404026,1696.00236347127,1704.07568899121,1656.38349704781,1624.34939806129,1620.35505833942,1654.74613902838,1693.80873081644,1752.23800104559,1800.25913137613,1746.52590513282,1759.42105225652,1793.34761146436,1807.70892524758,1837.25429286854,1892.82161995051,1978.34489133113,2037.8776605946,2110.42044781284,2209.34651083329,2264.9462907288,2256.72554835463,2373.14312064664,2416.75212064542,2533.74141964959,2654.41506933978,2776.92005909479,2909.85818010301,3076.3374186759,3247.4503878362,3410.93647976109,3575.88170922922,3198.66690008413,3350.97587587776,3577.70136573244,3744.69763802928,3925.3048697218
Philippines,PHL,Individuals using the Internet (% of population),IT.NET.USER.ZS,..,..,..,..,..,..,..,..,..,..,..,..,..,..,..,0,..,..,..,0.00584,0.0286,0.0559,0.137,1.1,1.43,1.98225,2.52401,4.33228,4.85767,5.24363,5.39764,5.74059,5.97,6.22,9,25,29,30.8,32.7,34.7,36.9,39.2,41.6,44.1,43.0266,53.7649,66.9078,75.2111,83.7661,..
Philippines,PHL,Urban population (% of total population),SP.URB.TOTL.IN.ZS,32.8859729360885,33.0797565566725,33.2720055669647,33.4635322438245,33.6551488641112,33.8476677046844,34.0419010424033,34.2386611541275,34.4387603167162,34.643010807029,34.8522249019252,35.0672148782642,35.2887930129054,35.5177715827083,35.7549628645322,36.0011791352366,36.2572326716808,36.5239357507243,36.8021006492264,37.0925396440467,37.3960650120444,37.713489030079,38.0456239750098,38.3932821236964,38.757275752998,39.1384171397742,39.5375185608843,39.9553922931877,40.3928506135438,40.8507057988121,41.3297701258519,41.8308558715226,42.3470499959497,43.1547492407016,44.3356772609527,45.5208176726647,46.6833632464759,47.9182784810426,49.1313688766206,50.2392400212368,51.1549047745227,51.9114748151175,52.6010482354344,53.2088897464754,53.7157859948017,54.1077719895977,54.4504102510776,54.7902343568327,55.1242716168851,55.4520983215477
Philippines,PHL,"Population, total",SP.POP.TOTL,42120826,43201488,44367962,45575281,46807103,48043740,49311727,50695707,52194620,53726181,55213006,56645077,58157496,59739052,61265260,62854666,64382249,65926125,67530621,69019291,70546246,72190242,73908810,75791024,77753257,79625397,81401488,83068889,84731835,86394504,88015962,89508986,91075184,92699095,94384250,96337125,98248614,100175512,102076336,103767130,105312992,106735719,108119693,109465287,110804683,112081264,113100950,113964338,114891199,115843670
Philippines,PHL,"Literacy rate, adult total (% of people ages 15 and above)",SE.ADT.LITR.ZS,..,..,..,..,..,83.3199996948242,..,..,..,..,..,..,..,..,..,93.5699996948242,..,..,..,93.9199981689453,..,..,..,..,..,92.5999984741211,..,..,92.5899963378906,..,..,..,..,95.4199981689453,..,97.0899963378906,..,..,96.4000015258789,..,98.1800003051758,..,..,..,96.2799987792969,98.4700012207031,..,..,..,..
Philippines,PHL,"School enrollment, secondary (% gross)",SE.SEC.ENRR,47.268440246582,49.7005805969238,52.9095191955566,55.6320114135742,57.1294708251953,58.2425918579102,57.7711906433105,57.3303184509277,59.7057914733887,61.1112403869629,62.6460418701172,59.9793281555176,63.296501159668,64.0272064208984,67.6923980712891,70.713493347168,70.3419189453125,71.494987487793,72.8925628662109,73.66943359375,74.843132019043,73.7158889770508,72.8753204345703,70.5079727172852,69.9469299316406,..,70.5786285400391,74.9138336181641,76.8219680786133,78.5408630371094,78.3063812255859,76.9573211669922,77.0709991455078,78.008903503418,80.1762771606445,..,..,..,..,81.5640314318642,82.0085254812081,82.7837574272484,80.9227600097656,79.3622469757001,85.3821865979599,87.9419879481158,85.8666475631511,92.291271176651,91.5493424610693,85.2945085684493
Thailand,THA,GDP per capita (constant 2015 US$),NY.GDP.PCAP.KD,1125.83955126106,1202.74424654629,1291.9197681028,1394.18134022016,1438.53929504306,1482.08742004737,1538.43127414973,1589.42168596819,1645.99169094684,1707.9308019841,1754.62716249659,1818.90504659625,1957.75963674452,2180.41358654182,2406.26996824545,2631.51971095863,2810.56702001316,2989.85385369019,3186.99707103229,3391.48986604062,3614.93244016732,3766.86364433088,3614.60848543994,3295.36018381294,3403.08737356896,3514.71662970608,3599.02524877358,3783.75422073266,4018.15538187068,4232.77157261934,4372.25730206261,4551.5250018314,4760.66708464831,4805.76393990836,4737.45679763314,5059.35747831657,5070.23740191942,5403.87846036273,5516.61164164135,5541.46599361845,5688.85335397884,5857.78052935926,6076.74307700082,6314.19948412043,6434.53770518034,6035.18627737077,6121.52696529713,6278.7855138276,6408.41432577294,6574.46109387985
Thailand,THA,Individuals using the Internet (% of population),IT.NET.USER.ZS,..,..,..,..,..,..,..,..,..,..,..,..,..,..,..,0,5.22E-05,0.000344,0.0136,0.0386,0.0748,0.115,0.361,1.09,2.43,3.68904,5.55633,7.53125,9.29903,10.6773,15.026,17.1607,20.03,18.2,20.1,22.4,23.6699,26.46,28.94,34.8861,39.3161,47.505,52.8919,56.8175,66.6524,77.8437,85.2696,87.9772,89.5353,90.8672
Thailand,THA,Urban population (% of total population),SP.URB.TOTL.IN.ZS,15.2158067861574,15.6696639795869,16.1022764848018,16.4946885530218,16.8279444354667,17.0844066743608,17.2827538871177,17.4439726290857,17.5796435064122,17.7013465942106,17.8206619675942,17.9491697016767,18.0984498715714,18.2800825523918,18.5056478192513,18.8071480847314,19.3568451726218,20.2251472411188,21.344368876117,22.6578637457835,24.1089855182854,25.6410878617897,27.1975244444636,28.7216489344742,30.1568149999886,31.4626212652205,32.7428054763889,34.0732781018222,35.4270354382579,36.785516284484,38.1301594392881,39.4424037014582,40.7036878697821,41.8954507430475,42.9991311200422,44.0018736622496,44.8048723557374,45.373565813715,45.8321343847773,46.3138799467897,46.9521043776171,47.8801095551247,49.2311973571777,54.5843734741211,55.9266166687012,57.2358779907227,58.5087776184082,59.742374420166,60.9341926574707,61.8689338391321
Thailand,THA,"Population, total",SP.POP.TOTL,40940005,41896504,42843974,43788976,44718434,45650022,46575855,47494577,48423309,49351708,50270753,51177834,52074105,52969595,53848956,54738329,55637434,56528834,57408198,58260854,59098232,59920064,60724584,61522630,62299043,63007815,63651141,64266437,64868166,65452047,66017420,66567687,67102394,67619830,68121080,68579447,69007208,69436098,69845114,70216367,70540795,70859841,71160187,71376079,71522271,71641484,71727332,71735329,71702435,71668011
Thailand,THA,"Literacy rate, adult total (% of people ages 15 and above)",SE.ADT.LITR.ZS,..,..,..,..,..,87.9800033569336,..,..,..,..,..,..,..,..,..,..,..,..,..,..,..,..,..,..,..,92.6500015258789,..,..,..,..,93.5100021362305,..,..,..,..,96.4300003051758,..,..,93.6999969482422,..,92.870002746582,91.9800033569336,..,93.7699966430664,91.2699966430664,..,..,91.0999984741211,..,..
Thailand,THA,"School enrollment, secondary (% gross)",SE.SEC.ENRR,..,..,..,..,..,..,..,..,..,..,..,..,..,..,..,..,..,..,..,..,..,..,..,..,..,..,64.0281982421875,65.5458221435547,..,67.444221496582,71.8262786865234,71.6298599243164,75.7808074951172,75.2078475952148,76.6007080078125,78.3943786621094,86.9894790649414,85.5365295410156,83.854850769043,123.525459289551,124.330596923828,122.563217163086,79.5062371844027,80.6045305135668,81.7206425877734,82.3668560969625,84.6644528199547,88.0661686868399,93.3356315272258,92.507325535959
Bhutan,BTN,GDP per capita (constant 2015 US$),NY.GDP.PCAP.KD,370.056039481574,389.665426064711,406.33736880742,420.682203225947,426.159561589084,432.838643488682,482.235722777153,483.023534472283,516.678056159163,523.422165152942,527.791600354552,570.054288192741,713.587145838936,725.554916193497,756.380975678321,812.671325588739,795.191842865383,863.46389569327,917.291292689812,963.016574291679,1043.38748981674,1099.85817824831,1138.39922318847,1182.98781073316,1248.61600842811,1259.6237645235,1321.09878230279,1427.25693317315,1506.4152751782,1552.73915195801,1632.02169500573,1701.11878173586,1952.25734603779,2017.76018913403,2148.56480375034,2378.72810760985,2552.48871073094,2654.74798946027,2671.07460201171,2797.81883971908,2954.04081911097,3173.36773217431,3211.80903275593,3300.55006461736,3467.38598979356,3092.12428399363,3206.20366997254,3349.73309632799,3480.51388574877,..
Bhutan,BTN,Individuals using the Internet (% of population),IT.NET.USER.ZS,..,..,..,..,..,..,..,..,..,..,..,..,..,..,..,0,..,..,..,..,..,..,..,..,0.138,0.400944,0.864629,1.6758,2.43691,3.15698,3.84711,4.51832,5.92,6.55,7.17,13.6,14.4,15.6,22.4,30.3,39.8,46.5,54.3,63.5,74.1794,76.8508,85.6369,86.2903,88.426,..
Bhutan,BTN,Urban population (% of total population),SP.URB.TOTL.IN.ZS,6.78165820453667,7.86692127355741,8.98521678806352,10.0994687501852,11.1726011620527,12.1675380257962,13.0472030442676,13.8558080344387,14.6620029937008,15.4653680929851,16.2654832039386,17.061928198208,17.8542829474404,18.6421273232824,19.4250411973811,20.2026044413832,20.9743969269355,21.739998525685,22.4989891092786,23.250948549363,23.9954567175851,24.7320934855918,25.4604387250299,26.1800723075463,26.8905741047879,27.5915239884015,28.282501830034,28.9630875013322,29.6328608739429,30.2914018195132,30.9379917831613,31.5664945864425,32.1738216649326,32.76371954591,33.3396804958817,33.9051967813552,34.4637606688377,35.0188644248365,35.5740003158589,36.1326606084122,36.6983375690037,37.2745234641407,37.8645544995016,38.4661892776975,39.0746823405146,39.6888839873439,40.3075199874379,40.9365143617581,41.7352457989939,42.5645249803412
Bhutan,BTN,"Population, total",SP.POP.TOTL,365791,378490,391639,405243,419200,433404,447836,462485,477460,492784,508392,524324,540557,556986,573586,589287,599784,577774,554673,554497,547989,548784,558697,569435,582579,596863,610794,624409,637663,650544,661865,670799,678641,686351,693988,701632,709377,717279,725273,733139,740618,747866,754335,759759,764824,770006,775442,780914,786385,791524
Bhutan,BTN,"Literacy rate, adult total (% of people ages 15 and above)",SE.ADT.LITR.ZS,..,..,..,..,..,..,..,..,..,..,..,..,..,..,..,..,..,..,..,..,..,..,..,..,..,..,..,..,..,..,52.810001373291,..,..,..,..,..,..,55.3199996948242,..,..,..,..,66.5599975585938,..,..,..,..,64.9100036621094,..,..
Bhutan,BTN,"School enrollment, secondary (% gross)",SE.SEC.ENRR,..,..,3.88487005233765,..,..,..,..,9.17702007293701,10.6076698303223,11.3084001541138,11.2931299209595,..,..,..,..,..,..,..,..,..,..,..,..,23.7952499389648,27.1374893188477,30.5185794830322,33.8684310913086,..,..,..,43.8849105834961,46.4304084777832,50.2249412536621,53.5040893554688,58.5537414550781,62.9354400634766,66.9861221313477,72.1302185058594,76.680793762207,84.1404190063477,85.2313079833984,85.6766128540039,86.5600433349609,87.5722870683987,90.6185575459377,89.7711428873908,92.5248380307052,89.9829129407455,86.8564415582911,86.1810001963554
Cambodia,KHM,GDP per capita (constant 2015 US$),NY.GDP.PCAP.KD,775.61301310347,832.046370021047,768.349009368511,835.709043830217,746.08572413472,688.762215998489,678.011250962987,659.062242599126,663.885539072704,671.730248753369,679.989551081934,678.670094090388,790.553706971779,852.223975284837,849.279049748096,824.051655825487,850.610221173097,862.478030887335,845.382004291868,513.967147967874,520.926883186145,511.670349597704,496.770551310941,499.016649050833,552.901492232643,598.561915252147,632.833573980849,662.188341283454,719.333494240509,775.847139030978,866.340290123209,947.065220050691,1030.23117620792,1090.57475806147,1117.25834194514,1155.85236856699,1221.38839852454,1295.25271477893,1376.29557595926,1464.53115866927,1547.32010444393,1645.46671578126,1753.93530504662,1884.28374817086,2008.32094006706,1908.63427518336,1938.76436741728,2011.27433313262,2085.05748462122,2182.71843902341
Cambodia,KHM,Individuals using the Internet (% of population),IT.NET.USER.ZS,..,..,..,..,..,..,..,..,..,..,..,..,..,..,..,0,..,..,..,..,..,..,0.00584,0.0163,0.032,0.0470226,0.0769561,0.226983,0.26057,0.300437,0.317322,0.468357,0.49,0.51,0.53,1.26,3.1,4.94,6,14,6.43319,32.3985,32.9003,..,52.3059,53.6508,57.9592,59.6606,60.7171,..
Cambodia,KHM,Urban population (% of total population),SP.URB.TOTL.IN.ZS,4.67870002997871,5.08274885304631,5.55148421547109,5.81850947307866,9.22948257639624,12.7330101032649,12.9190998767324,13.1719054113951,13.4748091275637,13.7778771295026,14.0857495563467,14.3996884844149,14.7203094704518,15.0463160721478,15.3776861663992,15.7157497390038,16.0597496099039,16.4097495102946,16.7657494060925,17.1276884970302,17.4962488002108,17.8834321201168,18.1846372155166,18.3715559169572,18.5111858410878,18.6242216655572,18.7186818716995,18.803641734126,18.8881765274479,18.9813615262763,19.0922720052225,19.2299832388976,19.4035705019128,19.6574509865325,20.1979728726519,21.1232251168762,22.3824788531276,23.9411047582349,25.7644735090271,27.8179557823331,30.0669222549819,32.4767436038024,35.0127905056235,37.6404336372742,39.5830241256026,39.832658030922,40.1091858128847,40.374616187368,40.6290788072508,40.8727033252729
Cambodia,KHM,"Population, total",SP.POP.TOTL,6581371,6134991,5668551,5211653,5088808,5199872,5284495,5436432,5636203,5845117,6043783,6285693,6557970,6812014,7073473,7374752,7686850,8113083,8616381,9239162,10018497,10801270,11570982,12058173,12265731,12462336,12658484,12855241,13050968,13244731,13439202,13639028,13841770,14053479,14276810,14500726,14722584,14945085,15170208,15396772,15623251,15852803,16073372,16274522,16481304,16725474,16974305,17201724,17423880,17638801
Cambodia,KHM,"Literacy rate, adult total (% of people ages 15 and above)",SE.ADT.LITR.ZS,..,..,..,..,..,..,..,..,..,..,..,..,..,..,..,..,..,..,..,..,..,..,..,67.3399963378906,..,..,..,..,..,73.6100006103516,..,..,..,76.870002746582,76.1399993896484,..,..,..,79.6500015258789,78.0599975585938,80.5299987792969,..,..,..,87.6600036621094,82.5991675957413,71.9300003051758,..,..,..
Cambodia,KHM,"School enrollment, secondary (% gross)",SE.SEC.ENRR,..,..,..,..,..,..,..,..,..,..,..,..,..,..,..,..,38.5556716918945,..,..,..,..,..,..,16.9208698272705,16.5827503204346,18.1284408569336,20.176570892334,23.8959407806396,27.8392200469971,30.9775104522705,..,39.1435394287109,41.7365608215332,44.2504997253418,..,..,..,..,..,..,..,..,48.9424458707368,50.199099715459,49.7344518908574,51.8196983337402,54.2809323078227,55.1346812645406,56.7864734981041,58.7893230437643
Indonesia,IDN,GDP per capita (constant 2015 US$),NY.GDP.PCAP.KD,819.538910861999,854.39856737846,906.717766390934,944.755242951634,989.678300355954,1061.791789401,1119.39911020788,1118.38320739334,1139.00630123248,1191.59058771764,1195.12311547851,1240.06475649342,1276.13231995892,1324.37572952378,1396.699709074,1470.91822258528,1544.99580894527,1617.10954872218,1693.1074260189,1790.32729962455,1905.54236111238,2020.99148132509,2081.8416693962,1780.20049544892,1767.51466729756,1828.10265968361,1868.59172307292,1926.37435868149,1991.91820506473,2065.70617470842,2155.4478015921,2244.0802226202,2355.1528565328,2464.60193418272,2546.21969707767,2670.8129098953,2799.62468790318,2930.518445323,3055.24246006469,3170.72103011429,3288.22269725538,3416.81005170972,3553.51999262321,3701.32155461912,3850.90321738979,3739.44906563161,3850.68877253903,4024.91225288391,4192.65167890692,4367.86266621191
Indonesia,IDN,Individuals using the Internet (% of population),IT.NET.USER.ZS,..,..,..,..,..,..,..,..,..,..,..,..,..,..,..,0,..,..,..,0.00106,0.0261,0.0566,0.195,0.255,0.444,0.925564,2.01861,2.13414,2.38702,2.60029,3.60202,4.76481,5.78627,7.91748,6.92,10.92,12.28,14.52,14.94,17.1432,22.0627,25.4474,32.3358,39.9046,47.6906,53.7265,62.1045,66.4846,69.2084,72.7808
Indonesia,IDN,Urban population (% of total population),SP.URB.TOTL.IN.ZS,18.914196501399,19.5063185880508,20.1352370159536,20.7914959353946,21.4656394966611,22.1466142996691,22.8406637690508,23.5724196827312,24.3433192272382,25.150523426766,25.9911933055087,26.8624898876605,27.7615741974155,28.6856072589677,29.6317500965114,30.5945178088725,31.5991952251753,32.6914992355049,33.8555422228307,35.0672005338812,36.3023505153847,37.5368685140699,38.746630876665,39.9075139498987,40.9953940804992,41.9861540600656,42.9018895186157,43.7824069030376,44.6301761521872,45.4476736441888,46.2373757571669,47.0017588692457,47.7432993585496,48.4644736032029,49.16775798133,49.8521375148888,50.4830017089844,51.1593933105469,51.8307495117188,52.5002136230469,53.1720771789551,53.812557220459,54.4541015625,55.0956840515137,55.7382049560547,56.2785287648768,56.8761702464027,57.4934704226599,58.1179353397878,58.7509635387997
Indonesia,IDN,"Population, total",SP.POP.TOTL,131843848,135173655,138533541,141953163,145434834,148950540,152485035,156052152,159651381,163251124,166776185,170175065,173511154,176855065,180201630,183501098,186778238,190043744,193305168,196591828,199888057,203204348,206536095,209826788,213004668,216077790,219097902,222088495,225048008,227926649,230871650,233951652,237062337,240157903,243220028,246305322,249470032,252698525,255852467,258877399,261799249,264627418,267346658,269951846,272489381,274814866,276758053,278830529,281190067,283487931
Indonesia,IDN,"Literacy rate, adult total (% of people ages 15 and above)",SE.ADT.LITR.ZS,..,..,..,..,..,67.3099975585938,..,..,..,..,..,..,..,..,..,81.5199966430664,..,..,..,..,..,..,..,..,..,..,..,..,..,90.379997253418,..,91.9800033569336,..,92.1900024414062,92.5800018310547,92.3199996948242,92.8099975585938,..,..,95.120002746582,95.2200012207031,95.379997253418,..,95.6600036621094,..,96,..,..,..,..
Indonesia,IDN,"School enrollment, secondary (% gross)",SE.SEC.ENRR,21.2188205718994,21.9720592498779,22.6294994354248,23.9719200134277,..,..,28.1177997589111,30.2682590484619,33.7440910339355,34.0133781433105,..,41.732608795166,47.2123985290527,49.2854995727539,49.2470512390137,46.7410583496094,45.0060997009277,44.1988410949707,43.8151893615723,44.7341918945312,47.5401992797852,50.3027992248535,53.9802284240723,54.2718887329102,54.5970916748047,55.5976295471191,56.2273216247559,57.646598815918,60.7244682312012,62.9758682250977,61.6382789611816,64.6422119140625,71.8545074462891,70.1684417724609,74.5035934448242,75.6519088745117,78.1330718994141,80.0926818847656,81.8896974781343,83.5559949258569,87.8423207929976,87.8191791728036,90.9455391241064,92.8120739600443,94.9467044891028,96.9345779132931,97.8441479813619,97.8167602714893,96.0002120295081,98.836444459078
Nepal,NPL,GDP per capita (constant 2015 US$),NY.GDP.PCAP.KD,333.76929822544,340.906119257416,343.403337654578,350.30570504545,350.320446364022,334.219179007322,353.700814105005,358.609920101425,339.778376746619,364.032308849685,377.725353860231,386.340559561214,384.659636696973,405.638929689076,413.894023064039,422.724738575869,438.15619419594,443.462044821677,448.13094087379,472.951082824345,477.741099613336,492.212428031946,506.426874424217,511.54871132025,524.27256909301,547.221082273632,564.28622920391,556.438454538796,570.28967363428,589.46992868617,603.190108570995,617.477638588722,633.226129136597,666.865095417138,692.400000816919,721.265221364302,742.617252662576,775.310578479839,801.039060847856,846.665541773599,875.543635474862,875.188943730855,951.857298563641,1021.91492204011,1077.11796498188,1031.53618783934,1062.7888430629,1113.55462341223,1136.42769313825,1179.81272768386
Nepal,NPL,Individuals using the Internet (% of population),IT.NET.USER.ZS,..,..,..,..,..,..,..,..,..,..,..,..,..,..,..,0,0,0,0,0,0.000925,0.00451,0.022,0.0644,0.147,0.204652,0.240015,0.312956,0.382811,0.449844,0.826551,1.14139,1.41,1.73,1.97,7.93,9,11.1493,13.3,15.44,17.5816,20.7,24.3,28.6,33.3366,38.8576,45.293,53.8878,55.7716,..
Nepal,NPL,Urban population (% of total population),SP.URB.TOTL.IN.ZS,7.51351402109269,8.99488378342878,10.5358128844484,12.0455154128565,13.4332054573582,14.6080971066587,15.4794044494629,16.1122445872783,16.6486086367337,17.1130217092164,17.5300089161139,17.9240953688132,18.3198061787019,18.7416664571671,19.2142013155963,19.7619358653766,20.4093952178955,21.1696090774496,22.0386921067433,23.0157968547751,24.1000758705435,25.2906817030471,26.5867669012845,27.9874840142543,29.4919855909549,31.0994241803849,32.808952331543,35.0358944291182,38.045308394296,41.6109470808194,45.5065633424317,49.5059100328759,53.3827400058951,56.9108061152324,59.8638612146309,62.0156581578338,63.139949798584,63.6558406194333,64.1314570156048,64.5640847098488,64.9510094249155,65.2895168835553,65.5768928085184,65.8104229225551,65.9873929484157,66.1050886088505,66.144235274522,66.2992968721053,66.5432933453944,66.772343163029
Nepal,NPL,"Population, total",SP.POP.TOTL,13870695,14177649,14499175,14839695,15190590,15553105,15922423,16297987,16689119,17085242,17477692,17868124,18250505,18638661,19057807,19524573,20036500,20609707,21180159,21717479,22245439,22741862,23219463,23680357,24125199,24546509,24946748,25328981,25688758,26016656,26309458,26565425,26788492,26990037,27173035,27341952,27464494,27534915,27589996,27672370,27823629,27955462,28011258,28079689,28414064,28966574,29475010,29715436,29694614,29651054
Nepal,NPL,"Literacy rate, adult total (% of people ages 15 and above)",SE.ADT.LITR.ZS,..,..,..,..,..,..,20.5699996948242,..,..,..,..,..,..,..,..,..,32.9799995422363,..,..,..,..,..,..,..,..,..,48.6100006103516,..,..,..,..,..,..,55.5625898340797,..,..,59.6300010681152,..,..,..,..,65.5,66.8755351165163,..,68.7099990844727,..,..,..,..,..
Nepal,NPL,"School enrollment, secondary (% gross)",SE.SEC.ENRR,..,..,..,..,..,..,17.7367706298828,20.3783092498779,22.4334201812744,23.8365802764893,25.4660491943359,27.0147800445557,28.3090000152588,29.2296390533447,30.888879776001,32.03369140625,34.0466995239258,36.6419982910156,37.9471893310547,38.3644485473633,40.1949615478516,43.1790885925293,..,..,33.1490211486816,34.4201507568359,37.3896903991699,41.0556297302246,42.0749092102051,..,45.098201751709,42.5181617736816,42.0970306396484,48.0189094543457,49.2625999450684,55.5892906188965,58.9935111999512,63.1414794921875,65.4935302734375,67.5318298339844,68.6131210327148,71.7744979858398,74.4113311767578,..,80.2800521850586,85.3101577758789,83.9220209713597,84.1026475876285,89.8898815141438,90.3878462155916
Timor-Leste,TLS,GDP per capita (constant 2015 US$),NY.GDP.PCAP.KD,..,..,..,..,..,..,..,..,..,..,..,..,..,..,..,633.18248660316,684.870525977346,736.591643587695,789.900692594751,823.062419740079,854.130467489101,897.360525869862,907.916560400077,865.831372670687,631.07290867098,1117.56432347244,1192.74796357529,1028.13194386616,964.322543048225,955.470489028291,964.026656178075,897.573801807644,961.848415522858,1042.86833768293,1120.09693594876,1195.38066079604,1237.48380284894,1269.41625561248,1281.92864043187,1312.96494988639,1319.59295003154,1333.65856117568,1267.08661597675,1237.2006590123,1507.24743550088,1947.83992943521,2015.82035757039,1579.71085276403,1279.21122757564,1149.21888298011
Timor-Leste,TLS,Individuals using the Internet (% of population),IT.NET.USER.ZS,..,..,..,..,..,..,..,..,..,..,..,..,..,..,..,0,..,..,..,..,..,..,..,..,..,..,..,0,..,..,0.0990318,0.5,1,1.5,2,3,4,7,11,17.5,18.6,21.2,24.2,27.6,28.0046,32.0127,35.042,34.5102,34.0207,..
Timor-Leste,TLS,Urban population (% of total population),SP.URB.TOTL.IN.ZS,14.2717037357466,14.7323298513123,15.2018292134281,15.6777561377928,16.1576649401054,16.6391099360648,17.11964544137,17.5968257717199,18.0682052428134,18.5313381703495,18.983778870027,19.423081657545,19.8468008486024,20.2524907588981,20.6377057041309,21,21.3397007221907,21.6616345464787,21.9701051886988,22.2694163646854,22.5638717902731,22.8577751812964,23.1554302535899,23.461140722988,23.7792103053254,24.1139427164365,24.469641672156,24.8506108883184,25.2611540807581,25.7040830077802,26.3097308948751,27.121697883382,28.0011655196859,28.8076745459306,29.4007657042596,29.6398840020416,29.633352306451,29.6136082349605,29.5836906253246,29.5463092024041,29.5043315008419,29.4462907628171,29.3600996787092,29.248617510057,29.1148755245217,28.9619049897647,28.7927371734472,28.5857292288968,28.595471832952,28.6641074179574
Timor-Leste,TLS,"Population, total",SP.POP.TOTL,598158,607620,618315,628775,638719,649871,660493,669149,677707,686777,696665,707185,718476,730745,744856,760345,778278,799318,821437,844493,868146,892282,917184,942530,834697,745088,812249,879159,916878,929074,948311,976597,1004889,1032429,1058782,1084679,1110207,1134885,1158695,1181903,1205131,1228312,1251703,1275959,1300945,1326053,1350139,1369295,1384286,1400638
Timor-Leste,TLS,"Literacy rate, adult total (% of people ages 15 and above)",SE.ADT.LITR.ZS,..,..,..,..,..,..,..,..,..,..,..,..,..,..,..,..,..,..,..,..,..,..,..,..,..,..,37.5999984741211,..,..,..,..,..,50.5999984741211,..,..,58.310001373291,..,..,..,..,64.4499969482422,65.7799987792969,..,..,..,..,..,72.4700012207031,..,..
Timor-Leste,TLS,"School enrollment, secondary (% gross)",SE.SEC.ENRR,..,..,..,..,..,..,..,..,..,..,..,..,..,..,..,..,..,..,..,..,..,..,..,..,..,..,41.3206901550293,44.7095603942871,46.5835189819336,57.962100982666,59.4707984924316,..,..,57.0646095275879,67.0938568115234,68.3026309590313,70.1640602638495,70.0278421982138,67.8276665960217,69.3739464182596,72.9840325557506,77.3856943732818,81.1665700933061,83.0952419040915,85.1248242560832,84.7410404382553,..,..,..,..
Maldives,MDV,GDP per capita (constant 2015 US$),NY.GDP.PCAP.KD,1398.10229490993,1364.84005073968,1474.39229567,1645.11075211615,1772.85528875554,2045.0559250915,2222.32522307441,2096.02642325024,2371.53402483477,2927.92105239301,3273.18636026516,3456.5941382646,3632.50000398903,3819.63284883474,4044.45259782556,4582.26127944099,4507.19492955077,4671.99639313801,4803.909904607,5053.64633599107,5580.26342049427,5888.07241870662,6254.75856992657,6599.87173747822,6889.01246088686,7037.08546104613,6647.6503820039,7012.25568873173,7845.29307409315,8174.41607301248,7141.88377049891,8620.72814678183,8933.17166363858,9396.49733610486,8313.4098369723,8569.52494600725,9005.81391375104,8907.66134868182,9213.32791442475,9612.07861806739,9644.90655028145,9909.07669723415,10263.2991147672,10793.8941325367,11194.9253748064,7295.60220956454,9759.2219360708,10939.9963271738,11439.5364342871,11798.791369146
Maldives,MDV,Individuals using the Internet (% of population),IT.NET.USER.ZS,..,..,..,..,..,..,..,..,..,..,..,..,..,..,..,0,0,0,0,0,0,0.227,0.309,0.57,1.12,2.20387,3.61729,5.34777,5.97659,6.58825,6.86961,11.0364,16.3,23.2,24.8,26.53,34,38.9301,44.1,49.28,54.462,59.5,65,70.9,77.4697,79.0978,81.9576,83.9119,84.6851,..
Maldives,MDV,Urban population (% of total population),SP.URB.TOTL.IN.ZS,17.6477167548433,19.0306966074879,20.1736852114744,21.0970363318786,21.9658554218035,22.8220761151526,23.6252747031197,24.3350274768987,24.9109107276834,25.3125007466676,25.5124067627646,25.6279626534467,25.7283992169627,25.8033419433099,25.847241445217,25.8521000475719,25.8030978579167,25.7170257695718,25.624629080355,25.555709993512,25.5476431837694,25.7015358485339,26.0259604516629,26.4739351451229,27.0010708398356,27.6038586493758,28.5499181889238,29.8881681908815,31.3913356462169,32.8541942827704,34.0715178283824,34.8678636610379,35.4340781469745,35.9335121678807,36.3718272129661,36.7646137762553,37.1274623517731,37.475963433544,37.8257075155926,38.1938859868107,38.5771510715291,38.9560872317815,39.32787719143,39.6923354428279,40.0492764783282,40.3985147902839,40.7398648710483,41.0641769690663,41.5096832933973,41.9982152717385
Maldives,MDV,"Population, total",SP.POP.TOTL,143158,147525,151930,156159,160360,164835,169532,174333,179128,184198,190169,196935,203944,210885,217738,224762,231802,238543,244884,250822,256649,262347,267707,272723,277412,282019,286767,291616,296491,301413,306429,313851,324479,336170,348275,360792,373674,386818,400070,413617,428154,443308,458287,473099,487731,502118,516154,524106,525994,527799
Maldives,MDV,"Literacy rate, adult total (% of people ages 15 and above)",SE.ADT.LITR.ZS,..,..,82.3000030517578,..,..,..,..,..,..,..,92.2300033569336,..,..,..,..,96.0199966430664,..,..,..,..,96.3300018310547,..,..,..,..,96.3300018310547,..,..,..,..,..,98.4000015258789,..,..,..,..,..,..,..,98.6100006103516,..,97.7300033569336,94.5100021362305,..,98.2099990844727,..,..,..,..,..
Maldives,MDV,"School enrollment, secondary (% gross)",SE.SEC.ENRR,..,..,..,..,..,3.65567994117737,4.29443979263306,6.36986017227173,9.11466026306152,..,..,..,..,..,..,..,..,..,..,50.5310592651367,53.0536613464355,56.3062782287598,65.210319519043,34.7156295776367,40.2892417907715,51.4409103393555,61.0277481079102,61.3511009216309,67.9700698852539,67.8094329833984,..,..,..,..,..,70.0468136514648,72.8434927609116,71.9760042609256,68.3872693233485,72.9110894145066,73.441380211737,70.014084045724,69.7419183184781,77.0284881591797,72.6946792602539,69.8982015609094,..,73.5234576648616,79.3565296847573,..
Mongolia,MNG,GDP per capita (constant 2015 US$),NY.GDP.PCAP.KD,..,..,..,..,..,..,1425.47626748483,1507.62165500664,1557.43150759483,1610.00431155079,1660.20538347139,1770.29035350291,1784.58513378493,1827.38968091372,1860.84571911275,1823.45623781461,1613.69985423318,1462.6746723198,1418.0656069858,1432.28072706305,1499.26495210763,1509.32921132514,1546.08098489924,1575.67716165836,1601.31353865438,1598.31282040605,1625.46152259484,1680.65335337555,1775.64906676137,1942.36263694017,2060.26168223171,2209.74321787628,2403.72416258662,2576.71295838607,2498.72967493254,2611.67326563924,3010.81642672623,3318.16496597089,3628.90708069575,3830.35892049593,3838.92126989984,3817.91962716702,3956.2049437134,4183.85566447661,4337.8167085432,4066.03410882791,4063.53669849245,4205.88554513551,4456.53627552726,4626.79609644243
Mongolia,MNG,Individuals using the Internet (% of population),IT.NET.USER.ZS,..,..,..,..,..,..,..,..,..,..,..,..,..,..,..,0,..,..,..,..,0.00881,0.0182,0.113,0.146,0.508,1.25565,1.65324,2.03957,..,..,..,..,9,9.8,10,10.2,12.5,16.4,17.7,19.9424,22.5,22.2658,23.7143,47.13,51.08,62.5,81.6068,82.1725,83.0162,..
Mongolia,MNG,Urban population (% of total population),SP.URB.TOTL.IN.ZS,48.7181931235241,49.4687212781871,50.1948627641106,50.8853796695573,51.5538825486345,52.2631576847571,53.0259501542883,53.8028834331512,54.562735777944,55.2742854452647,55.9063106917116,56.4275897738825,56.8069009483758,57.0130224717894,57.0385186487266,57.0217516034624,56.9900793630989,56.9476949363892,56.8981528530866,56.8450076429443,56.7918138357155,56.7421259611535,56.6994985490115,56.6674861290427,56.6496432310004,56.7305447074496,57.2155913875612,58.1310120482033,59.3546986563236,60.7829994587671,62.3122627023789,63.8388366340039,65.2590695004873,66.4693095486742,67.3659050254095,67.8298018313254,67.9196058798676,67.9522782537785,67.9776750055915,67.9941357229626,67.9999999906095,67.9776754820979,67.9260583223672,67.8683444833372,67.8277299551557,68.0894771770775,69.2153244018555,69.783805847168,70.4464492797852,70.9566040039062
Mongolia,MNG,"Population, total",SP.POP.TOTL,1488296,1531945,1576245,1619468,1660659,1701335,1742857,1785364,1829092,1874349,1921514,1970965,2022800,2076322,2124185,2098710,2165342,2167790,2165130,2189395,2224945,2259507,2291750,2323809,2356813,2388299,2417751,2449027,2480374,2508412,2536407,2567168,2601850,2643201,2691115,2738622,2786317,2839705,2899011,2963113,3026864,3088856,3148917,3208189,3267673,3327204,3383741,3433748,3481145,3524788
Mongolia,MNG,"Literacy rate, adult total (% of people ages 15 and above)",SE.ADT.LITR.ZS,..,..,..,..,..,..,..,..,..,..,..,..,..,..,..,..,..,..,..,..,..,..,..,..,..,97.7699966430664,..,..,..,..,..,..,..,..,..,98.2600021362305,..,..,..,..,..,..,..,96.9000015258789,98.4599990844727,99.1800003051758,99.272758866107,98.7300033569336,98.6399993896484,..
Mongolia,MNG,"School enrollment, secondary (% gross)",SE.SEC.ENRR,67.6804428100586,69.254020690918,..,..,78.1687393188477,81.3640365600586,83.7938919067383,..,83.7689819335938,..,..,87.8364562988281,..,..,..,88.4407806396484,84.0260772705078,75.9128189086914,66.22705078125,64.9035797119141,61.4506797790527,61.9549293518066,59.6888008117676,60.1162796020508,58.8111114501953,62.4367294311523,69.4697723388672,74.5482330322266,82.2682495117188,88.4728012084961,92.1028823852539,92.3052825927734,..,..,98.5075302124023,91.1776885986328,..,..,..,..,..,..,..,91.2949725153641,88.7463471502002,95.3826370696027,98.3276220923038,93.5508272676123,96.8181201904352,..
China,CHN,GDP per capita (constant 2015 US$),NY.GDP.PCAP.KD,341.835493900954,331.302441675199,351.558278512051,386.173258026462,409.983402451709,436.591787138212,453.072706510383,486.894420983869,531.391311022454,604.354027423819,676.279975098168,725.829362656239,797.34114295479,872.659353617186,895.53052635227,917.270661782581,989.548540519036,1117.27329480169,1258.34946089635,1406.85845705008,1545.19429404212,1681.62743528935,1819.09789302268,1944.43719705771,2076.81812919622,2237.44298500334,2405.89396743215,2610.72960252379,2857.0373538115,3127.86276523632,3465.81734409951,3883.35412942474,4409.75700836878,4811.47471804961,5237.76666540352,5764.86534987407,6275.90956436258,6723.19443752823,7198.06876478162,7686.57792954381,8175.33285077393,8679.37704460133,9221.51403820573,9798.6528523316,10356.4804194995,10573.6420059282,11469.5707134928,11830.5983703496,12484.1578844175,13121.6769905565
China,CHN,Individuals using the Internet (% of population),IT.NET.USER.ZS,..,..,..,..,..,..,..,..,..,..,..,..,..,..,..,0,..,..,0.000169,0.00117,0.00495,0.0131,0.0324,0.169,0.708,1.77591,2.63965,4.5957,6.2,7.3,8.52326,10.5232,16,22.6,28.9,34.3,38.3,42.3001,45.8,47.9,50.3,53.2,54.3,59.2,64.0809,70.0528,73.0532,75.6113,90.6,92
China,CHN,Urban population (% of total population),SP.URB.TOTL.IN.ZS,17.3447303771973,17.4365386962891,17.551118850708,17.9152069091797,18.9610633850098,19.3911151885986,20.1564884185791,20.565502166748,21.6235637664795,23.0142688751221,23.7069091796875,24.5249156951904,25.3193054199219,25.8146724700928,26.2102489471436,26.1957015991211,26.9402465820312,27.4598693847656,27.9900760650635,28.5098037719727,29.0403804779053,30.4798641204834,31.9099540710449,33.3501663208008,34.7797050476074,36.4320234662299,37.6597442626953,39.0897827148438,40.5302314758301,41.7600135803223,42.9899978637695,44.3430099487305,45.8892440795898,46.9895057678223,48.3417053222656,49.2340270628041,51.8300285339355,53.1003112792969,54.4900016784668,55.7502555847168,57.3297843933105,58.8399238586426,60.2402687072754,61.5001983642578,62.7099151611328,63.5234230266258,64.721076965332,65.2176361083984,65.5301448035523,65.8946980998325
China,CHN,"Population, total",SP.POP.TOTL,916395000,930685000,943455000,956165000,969005000,981235000,993885000,1008630000,1023310000,1036825000,1051040000,1066790000,1084035000,1101630000,1118650000,1135185000,1150780000,1164970000,1178440000,1191835000,1204855000,1217550000,1230075000,1241935000,1252735000,1262645000,1271850000,1280400000,1288400000,1296075000,1303720000,1311020000,1317885000,1324655000,1331260000,1337705000,1345035000,1354190000,1363240000,1371860000,1379860000,1387790000,1396215000,1402760000,1407745000,1411100000,1412360000,1412175000,1410710000,1408975000
China,CHN,"Literacy rate, adult total (% of people ages 15 and above)",SE.ADT.LITR.ZS,..,..,..,..,..,..,..,65.5100021362305,..,..,..,..,..,..,..,77.7900009155273,..,..,..,..,..,..,..,..,..,90.9199981689453,..,..,..,..,..,..,..,..,..,95.120002746582,..,..,..,..,..,..,..,..,..,96.7399978637695,..,..,..,..
China,CHN,"School enrollment, secondary (% gross)",SE.SEC.ENRR,57.590461730957,58.1372909545898,57.1651306152344,53.2011489868164,47.5873718261719,40.256160736084,36.6918296813965,32.6269607543945,30.1499004364014,29.9084606170654,31.3245601654053,32.6376609802246,35.1423110961914,37.2133903503418,38.1876487731934,39.0024795532227,41.5681610107422,44.4469909667969,46.7595100402832,47.1572189331055,48.9643783569336,52.3077697753906,54.7360382080078,..,58.6365814208984,59.4924812316895,62.2098388671875,62.8378982543945,64.0541305541992,..,..,74.0575637817383,78.1607131958008,82.6792526245117,88.2874984741211,90.7829173331445,92.0329425203903,92.2603063015232,..,..,..,..,..,..,..,..,..,..,..,..
"Hong Kong SAR, China",HKG,GDP per capita (constant 2015 US$),NY.GDP.PCAP.KD,8254.03263526449,9468.5462833744,10427.1603937244,11085.8489909702,11709.2241913815,12553.1261261981,13397.3178790997,13580.0429578536,14174.7054249017,15435.9751247218,15386.6504271537,16876.2528085837,18945.7064359327,20386.2171575554,20635.5493582672,21357.261954163,22388.6218309583,23585.6725886113,24621.6526581433,25526.4430507368,25620.0249332016,25551.3664004759,26631.7937071384,24856.7648070417,25237.6579989129,26933.2377453994,26885.4284833926,27210.0693480769,28097.108881817,30304.3126863152,32401.3907659685,34458.0498746756,36371.6859370268,36924.0883854556,35938.5902369431,38090.0213994329,39656.3392885062,39887.8339456509,40959.9813033996,41796.8681867763,42432.1619740441,43087.5455578429,44380.8100340362,45280.5079891951,44195.2768644431,41451.2981131333,44530.9262090583,43281.6852291306,43550.6298747786,44712.7654725532
"Hong Kong SAR, China",HKG,Individuals using the Internet (% of population),IT.NET.USER.ZS,..,..,..,..,..,..,..,..,..,..,..,..,..,..,..,0,0.121,0.85,1.33,2.78,3.22,4.75,10.5,14.5,21.2,27.8278,38.6714,43.0824,52.2,56.3999,56.9,60.8,64.8,66.7,69.4,72,72.2,72.9,74.2,79.8663,84.9484,87.4794,89.4159,90.5074,91.7434,92.4131,93.0872,95.6136,95.9778,..
"Hong Kong SAR, China",HKG,Urban population (% of total population),SP.URB.TOTL.IN.ZS,89.5173517742288,89.9298306253682,90.3400399839811,90.7402568140805,91.1227580796796,91.4798207447915,91.7967668038879,92.054476734095,92.2741264642881,92.5123372731306,92.8215203265498,93.3278344372433,94.5097139418933,96.2423155775524,98.0057365026504,99.3105631904423,99.7358552273683,99.8254998717847,99.9052758430407,99.961658640719,99.9932976351594,100,100,100,100,100,100,100,100,100,100,100,100,100,100,100,100,100,100,100,100,100,100,100,100,100,100,100,100,100
"Hong Kong SAR, China",HKG,"Population, total",SP.POP.TOTL,4461600,4518000,4583700,4667500,4929700,5063100,5183400,5264500,5345100,5397900,5456200,5524600,5580500,5627600,5686200,5704500,5752000,5800500,5901000,6035400,6156100,6435500,6489300,6543700,6606500,6665000,6714300,6744100,6730800,6783500,6813200,6857100,6916300,6957800,6972800,7024200,7071600,7150100,7178900,7229500,7291300,7336600,7393200,7452600,7507900,7481000,7413100,7346100,7536100,7524100
"Hong Kong SAR, China",HKG,"Literacy rate, adult total (% of people ages 15 and above)",SE.ADT.LITR.ZS,..,..,..,..,..,..,..,..,..,..,..,..,..,..,..,..,..,..,..,..,..,..,..,..,..,..,..,..,..,..,..,..,..,..,..,..,..,..,..,..,..,..,..,..,..,..,..,..,..,..
"Hong Kong SAR, China",HKG,"School enrollment, secondary (% gross)",SE.SEC.ENRR,..,..,..,..,..,..,..,..,..,..,..,..,..,..,..,..,..,..,..,..,..,..,..,..,..,..,78.5696563720703,79.9700393676758,80.1741027832031,81.7347793579102,83.003662109375,83.1464614868164,84.0665588378906,85.7025909423828,86.5672225952148,87.9053960567278,86.9782026085403,108.257447754558,102.779391100703,105.555217060167,107.387782928825,107.750724637681,106.78970984146,108.16398016119,105.068965517241,100.449691991786,100.161026837806,106.185208398621,..,107.160326941213
Lao PDR,LAO,GDP per capita (constant 2015 US$),NY.GDP.PCAP.KD,..,..,..,..,..,..,..,..,..,579.867782983835,592.627301998099,604.331788271833,579.022620522311,551.363163716143,611.822069881845,634.525297009385,643.410259077746,660.633861954064,680.964153708638,717.509245108717,749.234741728538,782.683156535545,819.205851313643,836.088098507116,881.634129609675,917.228038617529,954.123505414634,994.492241963795,1038.71192767783,1088.76034728831,1148.68153852071,1228.08927619923,1301.08597549864,1381.73754223953,1463.3379666846,1564.91068311647,1666.40086189871,1774.63585203672,1890.27861294875,2006.31195444447,2121.01339097363,2234.76098741846,2351.57441747595,2459.97874636195,2554.95638019245,2529.74622698761,2556.58912640405,2589.05015191628,2648.88726608035,2721.07810663082
Lao PDR,LAO,Individuals using the Internet (% of population),IT.NET.USER.ZS,..,..,..,..,..,..,..,..,..,..,..,..,..,..,..,0,..,..,..,..,..,..,..,0.00966,0.0378,0.111044,0.181664,0.267899,0.333912,0.361434,0.850357,1.16989,1.64,3.55,6,7,9,10.7477,12.5,14.26,18.2,21.87,25.5104,36.3,47.0323,54,62,62.7001,63.6255,..
Lao PDR,LAO,Urban population (% of total population),SP.URB.TOTL.IN.ZS,11.0583738218417,11.3277841706634,11.593209170444,11.8565480904523,12.119700199957,12.384564768227,12.653041064531,12.9270283581378,13.2084259183162,13.4991330143349,13.7979016421535,14.0901650229649,14.3720647322738,14.6529785135985,14.9408429869976,15.2435947725302,15.5691704902549,15.9255067602307,16.3205402025163,16.7622074371706,17.2790469212159,17.9638238907301,18.8482710950308,19.8765944516706,21.0036006639099,22.1840964350091,23.3728884682287,24.5247834668291,25.5945881340707,26.5371091732139,27.3224977292697,28.0378756242097,28.7343050001346,29.4034348148069,30.0420311503825,30.6468600890172,31.2146877128668,31.7422801040872,32.2264033448341,32.6638235172635,33.1240204432199,33.8267455533474,34.5115346444216,35.2050070032013,35.9072880879451,36.6185033569111,37.338778268357,38.0682382805397,38.8070088517156,39.5552154401406
Lao PDR,LAO,"Population, total",SP.POP.TOTL,3005521,3064876,3118923,3171740,3228202,3292573,3366631,3450026,3541001,3637843,3739985,3846715,3957612,4072601,4190974,4311955,4435118,4559646,4685060,4809220,4929409,5045678,5152011,5248266,5340784,5431212,5521482,5610889,5697945,5781626,5869523,5963200,6056236,6148969,6241642,6334194,6426590,6518978,6611385,6703172,6801645,6908802,7018147,7128045,7237636,7346533,7453194,7559007,7664993,7769819
Lao PDR,LAO,"Literacy rate, adult total (% of people ages 15 and above)",SE.ADT.LITR.ZS,..,..,..,..,..,..,..,..,..,..,..,..,..,..,..,..,..,..,..,..,60.25,..,..,..,..,69.5800018310547,68.7300033569336,..,..,..,72.6999969482422,..,..,..,..,..,..,..,..,..,84.6600036621094,..,73.7200012207031,..,..,..,..,..,75.6399993896484,..
Lao PDR,LAO,"School enrollment, secondary (% gross)",SE.SEC.ENRR,..,..,11.4732904434204,14.7631301879883,17.3690605163574,18.0963897705078,19.2803401947021,..,..,20.549690246582,21.0549297332764,20.9892292022705,..,23.6807994842529,..,22.8900299072266,..,19.9181404113769,21.6391906738281,23.4398708343506,24.0107097625732,24.1481494903564,25.8993301391602,28.1427497863769,31.144739151001,33.2670707702637,35.1896514892578,37.9458808898926,40.6808013916016,42.5078582763672,42.9863014221191,42.2330513000488,43.0343399047852,44.126880645752,45.6930198669434,47.3594398498535,46.3030907447649,49.0350189208984,52.6759359354755,58.0247383117676,62.2967936554274,64.7630026961054,66.0411073482017,66.1528570578416,64.986385458831,62.4493058083911,59.8530595325837,56.8782044614964,54.4330611689851,51.8523602531839
Sri Lanka,LKA,GDP per capita (constant 2015 US$),NY.GDP.PCAP.KD,860.222496212867,872.94723472542,900.976974225708,934.57105877288,976.036292036749,1014.42362079808,1054.38566638778,1084.60957211565,1129.27072261629,1182.77526470107,1233.73418258244,1272.15733985744,1279.04223350911,1297.45961840579,1313.41060291847,1388.58951823335,1441.62996809528,1481.33110127451,1556.88467456091,1620.2912104558,1681.35053208093,1712.00815802791,1787.41017985524,1836.38946262206,1880.1067802774,1956.93310381072,1896.48251734068,1951.22522777045,2052.03045078787,2149.10628588002,2268.6880127005,2426.34873273046,2573.54362192705,2708.58594222506,2787.27350976338,2993.01411511147,3232.37350382301,3484.79049033884,3728.93586647848,3929.92062032185,4057.7158346231,4214.74117992085,4436.00789945768,4493.03575444544,4455.78189608267,4227.23315306594,4357.97225779491,4033.14561476298,3964.91987394354,4186.4986638365
Sri Lanka,LKA,Individuals using the Internet (% of population),IT.NET.USER.ZS,..,..,..,..,..,..,..,..,..,..,..,..,..,..,..,0,..,..,..,0.00277,0.00548,0.0545,0.162,0.296,0.348,0.64741,0.793822,1.05042,1.45858,1.44616,1.79205,2.53757,3.88,..,..,..,..,..,..,10.5,15.26,22.19,25.1,28.3,32,36.1847,44.4531,48.3,51.2,..
Sri Lanka,LKA,Urban population (% of total population),SP.URB.TOTL.IN.ZS,22.2487000824801,22.1434768550332,22.0229482578506,21.8908060222932,21.7507418797223,21.6064475614988,21.4550510669985,21.2599901402247,20.9993175577374,20.6843591593567,20.3229060427251,19.9227493054853,19.4916800452798,19.0374893597511,18.5679683465418,18.0909081032944,17.6140997276515,17.1453343172557,16.6924029697495,16.2630967827755,15.8652068539762,15.5065242809941,15.1948401614719,14.9379455930521,14.7436316733772,14.6196895000898,14.5739539539707,14.6107836754127,14.7256630416211,14.9130061059922,15.167273918248,15.4829275281105,15.8544279853018,16.2762363395441,16.7428136405592,17.2486209380693,17.7881192817964,18.2617686748284,18.4323136480916,18.6153877203724,18.796256612131,18.9747679368162,19.1507693078088,19.3241083384127,19.4946326418437,19.6621898312161,19.8266275195269,19.9877933196367,20.1455348442463,20.2996997058686
Sri Lanka,LKA,"Population, total",SP.POP.TOTL,13548984,13796770,14049371,14310128,14579614,14847974,15099414,15286567,15388794,15441860,15544154,15731256,15916576,16078621,16248557,16352458,16475354,16739284,17025918,17275773,17564068,17905018,18248200,18596003,18944731,19293054,19600362,19805752,19951521,20087605,20216524,20352411,20492545,20629378,20756435,20879089,21009048,21169458,20585000,20778000,20970000,21209000,21453000,21670000,21803000,21919000,22156000,22181000,22037000,21916000
Sri Lanka,LKA,"Literacy rate, adult total (% of people ages 15 and above)",SE.ADT.LITR.ZS,..,..,..,..,..,..,86.7799987792969,..,..,..,..,..,..,..,..,..,..,..,..,..,..,..,..,..,..,..,90.6800003051758,..,..,..,..,90.8099975585938,..,90.5599975585938,..,91.1800003051758,..,..,..,92.5463947764283,92.5661321359863,92.3899993896484,91.9000015258789,91.7099990844727,92.25,92.379997253418,92.4300003051758,92.4899978637695,92.6600036621094,..
Sri Lanka,LKA,"School enrollment, secondary (% gross)",SE.SEC.ENRR,..,49.1049880981445,..,..,..,54.1310386657715,54.6156997680664,55.0554695129395,57.0993614196777,59.2479705810547,60.9637184143066,63.5448684692383,78.7480316162109,80.9314575195312,82.8787994384766,83.8623580932617,83.5733489990234,84.8462829589844,85.1434936523438,86.983772277832,87.1477432250977,..,..,..,..,..,..,..,..,..,..,..,..,..,..,92.3497085571289,94.108642578125,94.6744689941406,95.1442636196356,93.4926277980089,94.4516928962286,93.9037221276375,94.0418660922689,95.9107331693991,..,..,89.8339685558794,88.1918156520303,87.9534065332114,..
Malaysia,MYS,GDP per capita (constant 2015 US$),NY.GDP.PCAP.KD,2416.5134488266,2632.12032089303,2768.88534365126,2883.07107029481,3077.7893337814,3216.28778690077,3332.82000559163,3420.21717115114,3518.79492112604,3670.36601236602,3515.25505625205,3444.11713819558,3508.00948571695,3737.26006906652,3953.81471255834,4184.76072928976,4456.93133148159,4726.13789172987,5062.5911043705,5390.10167606966,5771.35211956083,6190.46429134886,6480.55649455855,5857.96702940857,6070.95621987091,6455.61419792583,6334.92795651698,6516.90671560155,6732.92049458099,7025.34558004381,7234.02442689141,7469.8106921211,7769.59693350488,7976.11785374773,7700.46111294033,8118.92270511981,8400.32248683558,8710.52671359902,8964.80724896203,9341.73055971278,9648.6797937523,9901.47960179812,10293.7629205362,10610.1950240479,10902.9834855856,10171.4657842762,10388.2667120857,11191.6511756943,11445.3925275079,11883.79127749
Malaysia,MYS,Individuals using the Internet (% of population),IT.NET.USER.ZS,..,..,..,..,..,..,..,..,..,..,..,..,..,..,..,0,..,0.00105,0.0255,0.0996,0.146,0.852,2.31,6.75,12.3,21.3847,26.696,32.3382,34.9712,42.2523,48.6292,51.638,55.7,55.8,55.9,56.3,61,65.8,57.0575,63.6654,71.0641,78.7883,80.1405,81.201,84.1871,89.555,96.7514,97.3986,97.6927,98.0206
Malaysia,MYS,Urban population (% of total population),SP.URB.TOTL.IN.ZS,31.3890113270872,31.8713511254636,32.3933184278414,32.9590931634347,33.5728552614571,34.2417737349461,35.0877625946077,36.1909495309351,37.5058218012566,38.9894740505336,40.5990009237275,42.2914970657996,44.0240571217115,45.7537757364245,47.4377475549,49.0330672220994,50.4923459184952,51.8628569177227,53.2286734175775,54.5855388512742,55.9232917327627,57.2317705759929,58.5008138949148,59.7202602034782,60.8799480156331,61.9694564490726,63.0180877676224,64.056368465184,65.0750932867555,66.0647889111941,67.0159820173565,67.9191992840997,68.7649673902807,69.5438130147565,70.2462628363839,70.8625314831025,71.4245166681964,71.9680127926087,72.4882717118078,72.9802206910773,73.4387869957006,73.8588978909614,74.2354806421432,74.5634625145296,74.8377707734042,75.0511895575672,75.5088628191907,75.9741357073003,76.4434752105739,76.9170296648992
Malaysia,MYS,"Population, total",SP.POP.TOTL,11471914,11750097,12035713,12328157,12627862,12983363,13399203,13832798,14285907,14759009,15252258,15760419,16276737,16796605,17314997,17833171,18342464,18834572,19322664,19820446,20330599,20850087,21375218,21906713,22435531,22967816,23526538,24102477,24679602,25256772,25836071,26417909,26998389,27570059,28124778,28655776,29162039,29662831,30174265,30696137,31232798,31789685,32355644,32910967,33440596,33889558,34282399,34695493,35126298,35557673
Malaysia,MYS,"Literacy rate, adult total (% of people ages 15 and above)",SE.ADT.LITR.ZS,..,..,..,..,..,69.5199966430664,..,..,..,..,..,..,..,..,..,..,82.9199981689453,..,..,..,..,..,..,..,..,88.6900024414062,..,..,..,..,..,..,..,..,..,93.120002746582,..,..,..,..,..,94.879997253418,95.0800018310547,94.8499984741211,94.9700012207031,..,..,95.7699966430664,..,..
Malaysia,MYS,"School enrollment, secondary (% gross)",SE.SEC.ENRR,54.4404602050781,55.8022994995117,55.6757583618164,57.7334098815918,59.3874397277832,59.6294593811035,61.6387214660645,61.1637802124023,64.2203674316406,65.9802169799805,65.7667770385742,68.495719909668,70.2591781616211,68.4271011352539,67.3215713500977,65.0170516967773,65.7064666748047,66.5042724609375,65.5471725463867,65.9461975097656,66.1730270385742,67.9570693969727,68.1468505859375,79.0882873535156,77.5431137084961,76.4828262329102,75.6187362670898,75.0011596679688,80.088996887207,80.5677719116211,76.2537536621094,75.8026123046875,74.2519378662109,74.8359527587891,75.0242767333984,77.2140274047852,77.5925369262695,81.2371978759766,80.938362121582,83.2836303710938,81.5115814208984,79.8283920288086,78.8863677978516,74.4872817993164,75.3229827880859,73.2459411621094,74.9618181140898,78.8341986282999,79.4472788704033,80.2757406864183
Singapore,SGP,GDP per capita (constant 2015 US$),NY.GDP.PCAP.KD,9974.22091805681,10572.5669041736,11141.5797970038,11863.6939677002,12834.1600895857,13953.890170834,14737.3005854209,15106.2507664821,16186.9145138401,17280.3703822303,17149.31550146,17396.0281363675,18986.7527003627,20595.9751389187,22031.8971300219,23272.7000932159,24132.7153290621,24973.4311358112,27139.9524278985,29220.2727915476,30379.8991144598,31349.3171805131,32835.2518506082,31043.108180076,32557.0469904063,34890.0811365168,33597.8690808226,34598.8267483781,36709.7965038255,39856.6356222613,41798.4880834671,44159.4101820552,46178.8139470199,44601.5799302699,43331.8746638962,48752.0515441859,50713.5326393594,51679.352717333,53298.9728558286,54681.9336458253,55645.6068614606,56986.7853102911,59485.3015873921,61250.3476672302,61345.5291820062,59189.70385743,67731.2610711717,68218.805333562,66167.3596303607,67706.8336149739
Singapore,SGP,Individuals using the Internet (% of population),IT.NET.USER.ZS,..,..,..,..,..,..,..,..,..,..,..,..,..,..,..,0,0.162,0.471,0.763,1.19,2.87,8.35,13.5,19.6,24.2,36,41.6704,47,53.8379,62,61,59,69.9,69,69,71,71,72,80.9021,79.0292,79.013,84.4523,84.4523,88.1656,88.9493,92.0043,96.9247,95.9539,94.2852,94.3776
Singapore,SGP,Urban population (% of total population),SP.URB.TOTL.IN.ZS,100,100,100,100,100,100,100,100,100,100,100,100,100,100,100,100,100,100,100,100,100,100,100,100,100,100,100,100,100,100,100,100,100,100,100,100,100,100,100,100,100,100,100,100,100,100,100,100,100,100
Singapore,SGP,"Population, total",SP.POP.TOTL,2262600,2293300,2325300,2353600,2383500,2413945,2532835,2646466,2681061,2732221,2735957,2733373,2774789,2846108,2930901,3047132,3135083,3230698,3313471,3419048,3524506,3670704,3796038,3927213,3958723,4027887,4138012,4175950,4114826,4166664,4265762,4401365,4588599,4839396,4987573,5076732,5183688,5312437,5399162,5469724,5535002,5607283,5612253,5638676,5703569,5685807,5453566,5637022,5917648,6036860
Singapore,SGP,"Literacy rate, adult total (% of people ages 15 and above)",SE.ADT.LITR.ZS,..,..,..,..,..,82.9100036621094,..,..,..,..,..,..,..,..,..,89.0999984741211,..,..,..,..,..,..,..,..,..,92.5500030517578,..,..,..,..,..,..,..,..,..,95.8600006103516,96.1900024414062,96.370002746582,96.5500030517578,96.7200012207031,96.8300018310547,97.0500030517578,97.1999969482422,97.3399963378906,97.4800033569336,97.129997253418,97.6500015258789,..,..,..
Singapore,SGP,"School enrollment, secondary (% gross)",SE.SEC.ENRR,..,..,..,..,..,..,..,..,..,..,..,..,..,..,..,..,..,..,..,..,..,..,..,..,..,..,..,..,..,..,..,..,..,..,..,..,..,..,..,..,..,107.745868589242,107.472873863465,105.745250914262,104.621987875083,103.115839213946,102.951274385922,103.009804103267,103.082801906213,..
,,,,,,,,,,,,,,,,,,,,,,,,,,,,,,,,,,,,,,,,,,,,,,,,,,,,,
,,,,,,,,,,,,,,,,,,,,,,,,,,,,,,,,,,,,,,,,,,,,,,,,,,,,,
,,,,,,,,,,,,,,,,,,,,,,,,,,,,,,,,,,,,,,,,,,,,,,,,,,,,,
Data from database: World Development Indicators,,,,,,,,,,,,,,,,,,,,,,,,,,,,,,,,,,,,,,,,,,,,,,,,,,,,,
Last Updated: 01/28/2026,,,,,,,,,,,,,,,,,,,,,,,,,,,,,,,,,,,,,,,,,,,,,,,,,,,,,
